donor_id,donor_name,donor_type,email,first_gift_date,state
DNR-00001,Allison Hill,Individual,donaldgarcia@example.net,2023-08-21,MH
DNR-00002,"Miller, Henderson and Johnson",Foundation/Trust,jesseguzman@example.net,2024-11-13,ID
DNR-00003,Meredith Barnes,Individual,zlawrence@example.org,2024-01-26,WV
DNR-00004,Melissa Peterson,Individual,jasongallagher@example.org,2023-12-26,CO
DNR-00005,Ian Cooper,Individual,lindsay78@example.org,2023-09-04,MS
DNR-00006,  EDWARD FULLER  ,Individual,barbara10@example.net,2024-09-20,IN
DNR-00007,Victoria Wyatt,Individual,jamesshawn@example.com,2023-08-24,GA
DNR-00008,Kelly-Santiago,Organization,lynchgeorge@example.net,2025-11-06,IA
DNR-00009,James Mayo,Individual,gabriellecameron@example.org,2025-01-20,IN
DNR-00010,Renee Morales,Individual,clarksherri@example.net,2023-07-14,MD
DNR-00011,Jonathan Wilkerson,Individual,ithomas@example.org,2024-05-22,WA
DNR-00012,"Ryan, Burgess and Patterson",Foundation/Trust,icox@example.net,2025-05-27,NM
DNR-00013,Campos Inc,Organization,courtneyconner@example.com,2024-09-13,PA
DNR-00014,James Ferrell,Individual,tasha01@example.net,2025-05-20,FM
DNR-00015,Debra Davidson,Individual,cartereric@example.org,2025-08-17,VA
DNR-00016,Deborah Mason,Individual,williamrodriguez@example.net,2025-06-04,ME
DNR-00017,Katie Gonzalez,Individual,kathryn88@example.org,2023-09-27,PA
DNR-00018,Alec Hickman,Individual,john39@example.org,2024-03-12,CO
DNR-00019,Rose Spence,Individual,davidalvarez@example.net,2025-08-14,GA
DNR-00020,Shane Henderson,Individual,sarahcampos@example.net,2025-02-20,ID
DNR-00021,Jennifer Powers,Individual,samuel87@example.org,2025-07-10,IA
DNR-00022,George Chapman,Individual,briannasmith@example.net,2023-11-20,SC
DNR-00023,Austin Johnson,Individual,chad34@example.net,2024-10-09,NM
DNR-00024,Carlos Walls,Individual,esanchez@example.com,2023-12-11,ID
DNR-00025,Matthew Gomez,Individual,uowens@example.org,2024-01-23,TX
DNR-00026,"Joyce, Garcia and Powell",Organization,lauren13@example.org,2026-01-14,ID
DNR-00027,Brenda White,Individual,ewright@example.com,2025-07-17,AS
DNR-00028,Krista Williams,Individual,novaksara@example.org,2025-06-27,GA
DNR-00029,John Hancock,Individual,martinaaron@example.com,2024-12-28,KS
DNR-00030,Rachel Mitchell,Individual,smoore@example.org,2023-11-24,AR
DNR-00031,Kimberly Adkins,Individual,williamsthomas@example.net,2024-06-15,GA
DNR-00032,Jordan York,Individual,larsonemma@example.org,2024-11-13,MO
DNR-00033,Steve Sanchez,Individual,harveyrobert@example.net,2025-08-16,OK
DNR-00034,"Stewart, Green and Santiago",Foundation/Trust,john62@example.net,2024-09-22,SD
DNR-00035,Bryant-Hickman,Foundation/Trust,smithchristine@example.net,2023-10-23,CT
DNR-00036,Medina PLC,Organization,david51@example.org,2023-09-04,MN
DNR-00037,Jeffrey Daniels,Individual,cheryl80@example.net,2025-09-29,GU
DNR-00038,Tara Garcia,Individual,josephpreston@example.net,2024-09-05,OH
DNR-00039,Douglas Clark,Individual,james48@example.com,2025-04-05,KS
DNR-00040,Sarah Davis,Individual,ccalderon@example.org,2026-04-18,MA
DNR-00041,Mandy Green,Individual,barnold@example.net,2026-01-25,AL
DNR-00042,Tony Vazquez,Individual,amydavenport@example.net,2024-04-11,OH
DNR-00043,Cameron Parker,Individual,nolanjason@example.org,2024-12-20,TN
DNR-00044,Gomez PLC,Foundation/Trust,vdickson@example.org,2025-11-24,IA
DNR-00045,Vanessa Cochran,Individual,vjohnson@example.com,2025-09-25,WY
DNR-00046,Rebekah Shields,Individual,josephcobb@example.org,2024-04-09,MS
DNR-00047,Shannon Walker,Individual,ybailey@example.org,2024-01-03,IN
DNR-00048,Corey Murphy,Individual,rasmussenjoshua@example.net,2024-02-10,NY
DNR-00049,William Herrera,Individual,wilsontara@example.org,2024-05-23,OR
DNR-00050,Deborah Rodriguez,Individual,yreed@example.com,2025-11-11,NE
DNR-00051,"Joyce, Wilson and Lam",Foundation/Trust,jonathanfletcher@example.org,2025-08-27,NC
DNR-00052,"Mcdaniel, Bentley and Mclaughlin",Organization,michaeljones@example.net,2026-02-13,PW
DNR-00053,Hanson-Alvarado,Foundation/Trust,cortezkevin@example.com,2023-07-24,TN
DNR-00054,Nguyen-Terry,Organization,jamesortega@example.com,2024-02-20,TX
DNR-00055,Carrie Carroll,Individual,akelley@example.com,2024-12-28,LA
DNR-00056,Jordan PLC,Foundation/Trust,steven73@example.net,2025-05-27,NJ
DNR-00057,Toni Fitzgerald,Individual,campbellelizabeth@example.net,2025-12-07,MA
DNR-00058,Trevor Young,Individual,jeffrey32@example.org,2023-07-07,AZ
DNR-00059,John Atkinson,Individual,gibsonolivia@example.net,2024-12-21,ID
DNR-00060,Janet Ross,Individual,dianasmith@example.org,2024-06-30,WI
DNR-00061,Christopher Rubio,Individual,pwilliams@example.org,2024-02-03,NH
DNR-00062,John Schmidt,Individual,stephanie79@example.net,2025-03-03,MH
DNR-00063,"Simmons, Meadows and Griffin",Organization,juliawells@example.com,2024-08-11,WV
DNR-00064,Mark Cannon,Individual,rsims@example.com,2024-05-26,CA
DNR-00065,Cynthia Rogers,Individual,taylorjesse@example.net,2023-07-02,FL
DNR-00066,Amy Russell,Individual,nperry@example.com,2026-03-27,MS
DNR-00067,  LAUREN DOMINGUEZ  ,Individual,wwoods@example.com,2025-07-13,WV
DNR-00068,Castaneda-Ashley,Organization,vmedina@example.net,2025-03-21,AS
DNR-00069,Connie Robinson,Individual,ytucker@example.com,2024-11-05,TN
DNR-00070,"Yates, Ramsey and Pittman",Foundation/Trust,tinaferguson@example.com,2023-12-09,OR
DNR-00071,"Alvarado, Miller and Patterson",Organization,qwhite@example.com,2026-03-22,MD
DNR-00072,Gabriel Juarez,Individual,aramirez@example.com,2024-03-14,MP
DNR-00073,Alec Ryan,Individual,jeffrey10@example.org,2026-02-28,IA
DNR-00074,Combs PLC,Organization,johnwells@example.org,2024-06-03,OK
DNR-00075,Julie Scott,Individual,gary91@example.org,2025-11-13,ME
DNR-00076,Alexander Collins,Individual,tsanders@example.org,2024-08-15,CA
DNR-00077,"Vaughn, Burton and Garcia",Organization,melissa91@example.net,2025-09-25,WY
DNR-00078,Joseph Stanley,Individual,huntermatthew@example.com,2025-08-03,GU
DNR-00079,Jeffrey Cox PhD,Individual,bzimmerman@example.org,2026-01-10,VA
DNR-00080,Marie Gilbert,Individual,umarshall@example.net,2024-10-03,KY
DNR-00081,Christian-Rivas,Organization,ramirezshannon@example.com,2023-08-13,OK
DNR-00082,Jamie Johnson,Individual,hunter35@example.com,2024-10-14,MA
DNR-00083,Kyle Beard,Individual,blackjames@example.org,2023-07-15,VA
DNR-00084,Justin Allen,Individual,fbrewer@example.com,2023-10-29,WY
DNR-00085,Edward Sullivan,Individual,kevinperkins@example.com,2023-09-03,OH
DNR-00086,Jessica Reese,Individual,michael74@example.com,2023-11-23,KS
DNR-00087,Nathan Stewart,Individual,jamesrodgers@example.com,2025-01-21,VA
DNR-00088,Paige Carlson,Individual,wallkenneth@example.com,2024-09-11,HI
DNR-00089,Smith-Ferguson,Organization,brandon08@example.com,2026-02-23,UT
DNR-00090,Margaret Mullins,Individual,salasaudrey@example.com,2026-02-23,NJ
DNR-00091,Cody Williams,Individual,ewilson@example.com,2024-07-24,NM
DNR-00092,Mark Brown,Individual,lisaavery@example.org,2025-11-29,IA
DNR-00093,Grant Group,Organization,kimberlyjames@example.com,2025-10-19,ME
DNR-00094,Wanda Torres,Individual,lynchjody@example.org,2023-10-19,SC
DNR-00095,Baker Inc,Organization,johnarnold@example.org,2024-01-18,AL
DNR-00096,Michael Harrison,Individual,halljasmine@example.net,2025-05-25,VI
DNR-00097,Michael Bradshaw,Individual,ronaldstephens@example.net,2024-02-09,FL
DNR-00098,Samantha Jones,Individual,lauralarson@example.net,2024-07-24,PW
DNR-00099,Caleb Barker,Individual,gbender@example.net,2024-04-13,NM
DNR-00100,Kyle Preston,Individual,cassandra01@example.org,2025-01-21,TX
DNR-00101,Laura Sampson,Individual,barbara27@example.net,2023-12-02,SD
DNR-00102,Donald Shea,Individual,fwalters@example.org,2024-01-17,NJ
DNR-00103,Gary Santiago,Individual,marksteele@example.com,2023-07-31,TN
DNR-00104,Robin Pierce,Individual,qmiller@example.com,2024-10-27,DE
DNR-00105,Hancock-Bryan,Foundation/Trust,sandovalamy@example.com,2026-03-21,AR
DNR-00106,Isaiah Avila,Individual,nwolf@example.com,2025-09-29,OH
DNR-00107,Dwayne Gilmore,Individual,omartinez@example.net,2024-06-02,AS
DNR-00108,Mckinney LLC,Organization,tranchristopher@example.org,2025-09-07,NH
DNR-00109,Maria Moore,Individual,william46@example.com,2026-01-17,NJ
DNR-00110,Juan Reyes,Individual,michellehill@example.com,2026-03-23,MA
DNR-00111,Katie Hoover,Individual,jessica99@example.net,2025-02-27,NM
DNR-00112,Jill Washington,Individual,andrea86@example.com,2023-10-28,MD
DNR-00113,Pollard and Sons,Foundation/Trust,xhall@example.com,2023-11-02,AZ
DNR-00114,Garner-Thornton,Organization,qhughes@example.net,2023-10-26,FL
DNR-00115,Andrew Shaw MD,Individual,sawyerscott@example.net,2026-03-03,PW
DNR-00116,Smith-Thomas,Organization,charlesharrington@example.com,2024-05-18,MA
DNR-00117,"Schwartz, Santos and Christian",Organization,ofinley@example.net,2023-12-12,FM
DNR-00118,Shelia Johnson,Individual,younggabrielle@example.com,2023-11-18,IN
DNR-00119,"Davis, Good and Hodges",Organization,wallaceheather@example.org,2024-10-24,AZ
DNR-00120,Anthony Howard,Individual,hthomas@example.com,2024-11-16,OK
DNR-00121,"Sparks, Jackson and Miller",Organization,pharvey@example.com,2023-09-20,PW
DNR-00122,"Thomas, Murray and King",Organization,elizabeth74@example.net,2025-11-05,ND
DNR-00123,Jeremy Reed,Individual,danielle64@example.com,2025-04-08,PR
DNR-00124,Zachary Castaneda,Individual,youngashley@example.net,2024-08-22,LA
DNR-00125,Elizabeth Spence DDS,Individual,alan09@example.net,2025-04-04,NM
DNR-00126,Stephanie Parsons,Individual,catherinegomez@example.net,2025-09-18,ID
DNR-00127,"King, Campos and Saunders",Organization,courtneyberger@example.net,2025-03-06,AZ
DNR-00128,Kramer-Johnson,Organization,jessica14@example.com,2023-11-26,WA
DNR-00129,  CURTIS BUCHANAN  ,Individual,alyssa42@example.com,2024-01-21,PW
DNR-00130,Karen Drake,Individual,linda71@example.org,2024-09-09,WV
DNR-00131,Shannon Ramsey,Individual,zcoffey@example.net,2024-03-28,MN
DNR-00132,James Baker,Individual,gibsonemily@example.net,2023-11-18,KS
DNR-00133,Samantha Bentley,Individual,leonardthomas@example.net,2025-07-26,FM
DNR-00134,Erin Bishop,Individual,reidsteven@example.net,2025-12-14,ME
DNR-00135,"Ortiz, Taylor and Shah",Foundation/Trust,wendy11@example.org,2025-03-11,FM
DNR-00136,Jasmine Watson,Individual,umatthews@example.org,2023-07-17,FM
DNR-00137,Brett Burns,Individual,rcrosby@example.org,2025-03-05,UT
DNR-00138,Jeremy Sampson,Individual,cory58@example.net,2024-01-29,MI
DNR-00139,Donald Donaldson,Individual,ndavis@example.net,2024-04-01,SC
DNR-00140,"Maddox, Williams and Cook",Foundation/Trust,kristinharris@example.net,2024-02-05,IL
DNR-00141,"Robinson, Kane and Murphy",Foundation/Trust,kristinacarlson@example.com,2024-05-14,PR
DNR-00142,Dr. Kimberly Lindsey,Individual,guerreroanthony@example.org,2024-09-04,MI
DNR-00143,Cynthia Morris,Individual,josephmartinez@example.com,2024-08-20,NC
DNR-00144,Arthur West,Individual,william17@example.net,2024-12-22,IN
DNR-00145,Amanda Logan,Individual,stephen00@example.com,2024-11-26,PR
DNR-00146,Michael Henry,Individual,fjones@example.com,2023-10-13,PA
DNR-00147,Cameron Weber,Individual,oscar98@example.com,2025-11-14,NH
DNR-00148,Jessica Mcguire,Individual,farrelldebra@example.net,2023-09-29,VA
DNR-00149,  JESSICA BEASLEY  ,Individual,dmorgan@example.com,2024-03-24,MT
DNR-00150,Emily Edwards,Individual,nicholas27@example.org,2024-12-18,CO
DNR-00151,Davis Inc,Foundation/Trust,lisa80@example.net,2025-12-21,OH
DNR-00152,Meagan Jenkins,Individual,uparrish@example.org,2025-11-22,LA
DNR-00153,Heather Lane,Individual,ericolson@example.org,2024-02-15,MI
DNR-00154,Holly Farmer,Individual,lindsaybruce@example.net,2024-05-01,RI
DNR-00155,"Day, Johnson and Hickman",Foundation/Trust,anthony44@example.com,2025-07-26,MI
DNR-00156,Sergio Knight,Individual,vjones@example.net,2024-04-29,AK
DNR-00157,Joseph Bennett,Individual,xpeterson@example.com,2023-09-24,VA
DNR-00158,Frank-Bradley,Organization,wareeric@example.net,2023-09-20,AR
DNR-00159,Denise Stanley,Individual,alawson@example.com,2024-09-03,IL
DNR-00160,Ashley Jordan,Individual,erika97@example.net,2024-01-27,TN
DNR-00161,Daniel Joyce,Individual,smithkevin@example.org,2025-10-10,WI
DNR-00162,David Murphy,Individual,jimenezryan@example.org,2024-05-12,MS
DNR-00163,Crystal Hansen,Individual,charles06@example.org,2024-10-27,NH
DNR-00164,Shannon Johnston,Individual,amckinney@example.com,2024-06-27,DE
DNR-00165,Vincent Jackson,Individual,xcollier@example.org,2023-08-20,NE
DNR-00166,Sanchez PLC,Organization,zwarren@example.com,2025-05-11,WA
DNR-00167,Gary Jackson,Individual,schmidtjames@example.com,2025-10-21,MI
DNR-00168,Sabrina Briggs,Individual,curtisscott@example.org,2024-11-20,PA
DNR-00169,Peter Jones,Individual,kmarshall@example.net,2024-02-07,NV
DNR-00170,Sonia Day,Individual,michelle52@example.com,2023-09-18,CA
DNR-00171,Mark Hogan,Individual,bellcharles@example.com,2024-09-28,NV
DNR-00172,Jacob Mitchell,Individual,gilbertwilliam@example.com,2026-01-28,OR
DNR-00173,Rebecca Huang,Individual,kstout@example.net,2024-10-09,ID
DNR-00174,John Hernandez,Individual,hayeslisa@example.com,2024-07-30,VT
DNR-00175,Matthew Williams,Individual,hritter@example.net,2025-01-21,RI
DNR-00176,Jake Campbell,Individual,rschroeder@example.net,2025-01-22,AR
DNR-00177,Maria Jones,Individual,grantpaul@example.com,2025-09-26,VA
DNR-00178,Tracey Morrison,Individual,mathewaguilar@example.org,2025-05-09,PW
DNR-00179,Collins-Douglas,Foundation/Trust,tanderson@example.org,2024-02-22,ME
DNR-00180,Maria Murphy,Individual,elizabethcalderon@example.net,2024-12-16,TX
DNR-00181,Anna Santiago,Individual,andrew42@example.org,2024-12-25,MA
DNR-00182,  KATELYN PEREZ  ,Individual,ericphillips@example.org,2025-12-06,NY
DNR-00183,"Conley, Stephenson and Johnson",Foundation/Trust,nancy92@example.net,2025-04-03,MS
DNR-00184,Martin Ltd,Organization,jenniferwilliams@example.com,2024-02-22,TX
DNR-00185,Tracy Bishop,Individual,pyoung@example.com,2024-07-24,AS
DNR-00186,Stephanie Lee,Individual,smurray@example.com,2025-12-10,NY
DNR-00187,"  BARNES, MARTIN AND GONZALEZ  ",Organization,moniquewilliams@example.com,2024-08-07,VI
DNR-00188,Timothy Dawson,Individual,mitchellkathryn@example.com,2023-11-21,NV
DNR-00189,Brittany Kim,Individual,lisawilkerson@example.org,2025-05-07,MT
DNR-00190,Jonathan Young,Individual,brooksanthony@example.org,2024-03-12,MP
DNR-00191,Gabriela Thomas,Individual,mitchellmaria@example.net,2025-03-07,MP
DNR-00192,Blake Group,Organization,fgilbert@example.org,2025-10-14,KS
DNR-00193,Conley PLC,Foundation/Trust,srodriguez@example.org,2025-02-25,ME
DNR-00194,David Fowler,Individual,fbrown@example.net,2024-07-27,ND
DNR-00195,Jose Allen,Individual,kellysmith@example.com,2025-08-15,IA
DNR-00196,Chelsea Barnett,Individual,carlos88@example.net,2024-06-21,WY
DNR-00197,Kristen Myers DDS,Individual,qzavala@example.net,2025-03-08,AK
DNR-00198,Kramer-Cooper,Organization,ingramjill@example.com,2023-07-01,DC
DNR-00199,Bell LLC,Organization,mariacohen@example.net,2024-09-03,NJ
DNR-00200,"White, Taylor and Baldwin",Organization,mjohnson@example.org,2025-04-20,WY
DNR-00201,Andrew Mahoney,Individual,ihays@example.com,2025-12-22,KS
DNR-00202,Matthew Mitchell,Individual,glennmartin@example.org,2026-02-24,AS
DNR-00203,Steve Paul,Individual,lmorgan@example.com,2024-06-12,UT
DNR-00204,Richardson-Salinas,Organization,laurie61@example.com,2025-02-01,PA
DNR-00205,Catherine Carter MD,Individual,donna47@example.net,2025-05-17,VT
DNR-00206,Michael Bell,Individual,acostarhonda@example.net,2024-10-24,NE
DNR-00207,William Gould,Individual,lambertrichard@example.net,2024-10-03,AS
DNR-00208,Caitlin Johnson,Individual,ejohnson@example.org,2024-04-27,WI
DNR-00209,  HEIDI HERRING  ,Individual,jacobserika@example.com,2024-11-13,MN
DNR-00210,Billy Taylor,Individual,raymond43@example.org,2023-11-27,AK
DNR-00211,Kathryn Hughes,Individual,greenjorge@example.com,2024-08-02,IL
DNR-00212,Donna Hendricks DDS,Individual,taylorcharles@example.org,2025-08-25,MH
DNR-00213,Yolanda Cochran,Individual,elizabeth18@example.net,2024-11-11,LA
DNR-00214,Sarah Joseph,Individual,laurahicks@example.org,2023-07-12,ID
DNR-00215,Cynthia Snyder,Individual,angela57@example.net,2024-02-04,DC
DNR-00216,Angelica Parker,Individual,xfox@example.com,2024-09-21,GU
DNR-00217,Beth Stewart,Individual,coleerin@example.com,2026-02-06,DC
DNR-00218,Penny Bowman,Individual,katrinaanderson@example.net,2024-11-22,PW
DNR-00219,Sandra Holmes,Individual,fred53@example.com,2024-03-05,NC
DNR-00220,Singleton-King,Organization,david49@example.net,2026-02-06,CO
DNR-00221,Caroline David,Individual,georgeweber@example.net,2025-04-10,MA
DNR-00222,Kristy Bryan,Individual,millerstacy@example.net,2025-12-23,KS
DNR-00223,Pamela Butler,Individual,jimenezcourtney@example.com,2026-04-29,SD
DNR-00224,Karen Ballard,Individual,eevans@example.net,2025-12-30,AR
DNR-00225,Jason Marshall,Individual,catherine55@example.net,2026-02-27,VI
DNR-00226,James Hodges,Individual,floressteven@example.com,2024-11-18,NV
DNR-00227,Thomas Inc,Foundation/Trust,sonia96@example.org,2025-01-18,VI
DNR-00228,Robin Peck,Individual,james27@example.net,2026-03-19,NH
DNR-00229,Koch-Jimenez,Organization,landrywilliam@example.org,2025-01-13,IL
DNR-00230,Amber Campbell,Individual,amitchell@example.org,2025-02-05,NE
DNR-00231,Khan Ltd,Organization,kathryn50@example.com,2025-05-18,AR
DNR-00232,Chloe Tran,Individual,hughesshannon@example.net,2023-12-13,KY
DNR-00233,Lisa Carr,Individual,theresalong@example.com,2024-10-16,OH
DNR-00234,Nicole Gonzalez,Individual,cporter@example.org,2024-05-08,DC
DNR-00235,Regina Stone,Individual,catherinerobertson@example.com,2023-11-09,RI
DNR-00236,James Jensen,Individual,brittney88@example.net,2025-05-08,NM
DNR-00237,Elizabeth Cabrera,Individual,mark16@example.net,2025-10-29,ME
DNR-00238,Molly Watts,Individual,carlsonjoseph@example.net,2025-11-07,WY
DNR-00239,Laura Perez,Individual,silvageorge@example.net,2023-08-10,VA
DNR-00240,Sarah Hernandez,Individual,anthonyvaughan@example.org,2025-08-18,ID
DNR-00241,Alexander Group,Foundation/Trust,robertharris@example.net,2025-06-20,WI
DNR-00242,"Knapp, Salas and Fitzgerald",Foundation/Trust,thorntonapril@example.net,2025-09-06,MD
DNR-00243,"Mendoza, Bennett and Frye",Foundation/Trust,vbarr@example.net,2025-11-05,MI
DNR-00244,Sharon Becker,Individual,chelsea33@example.com,2024-09-24,OH
DNR-00245,Todd Hendrix,Individual,janet75@example.com,2025-01-09,MI
DNR-00246,"Peck, Pope and Hill",Foundation/Trust,berryamy@example.com,2023-08-29,GU
DNR-00247,Raymond Thomas,Individual,robertsjennifer@example.com,2025-10-06,NV
DNR-00248,"Scott, Mendoza and Harris",Foundation/Trust,sarah42@example.org,2026-02-12,RI
DNR-00249,"Matthews, Sanchez and Santiago",Foundation/Trust,danawilliams@example.com,2023-08-25,MA
DNR-00250,"Kennedy, Maldonado and Taylor",Organization,richarddonovan@example.com,2023-08-25,NJ
DNR-00251,Nicole Mitchell,Individual,debbie19@example.org,2025-11-24,ND
DNR-00252,Sarah Johnson,Individual,robertmonroe@example.org,2026-01-31,MP
DNR-00253,French-Lopez,Organization,nancy04@example.net,2024-12-14,PA
DNR-00254,William Mitchell,Individual,ismall@example.net,2024-09-06,NH
DNR-00255,Robert Rivera,Individual,twong@example.org,2025-05-22,AL
DNR-00256,Rachel Bradley,Individual,gregorychase@example.com,2025-08-15,GU
DNR-00257,Robertson-Miller,Foundation/Trust,lopezdonald@example.com,2025-11-10,IA
DNR-00258,James Griffin,Individual,stephanie49@example.net,2023-12-15,OK
DNR-00259,Matthew Schwartz,Individual,contrerassteven@example.org,2023-10-15,MO
DNR-00260,Tammy Barron,Individual,hannah45@example.net,2025-06-16,IN
DNR-00261,Casey Hernandez,Individual,robert87@example.net,2023-11-18,AS
DNR-00262,"Petersen, Gill and Becker",Foundation/Trust,foxallison@example.com,2023-09-21,CA
DNR-00263,Ashley Poole,Individual,ashleyhernandez@example.com,2024-11-18,PR
DNR-00264,Audrey Harris,Individual,gdavis@example.com,2023-08-11,AS
DNR-00265,Chavez PLC,Organization,dbryant@example.net,2024-10-31,NH
DNR-00266,Elizabeth Johnson,Individual,lisa39@example.org,2024-02-20,AZ
DNR-00267,Michael Weaver,Individual,michaelcesar@example.com,2024-09-19,AZ
DNR-00268,Christopher Taylor,Individual,ybrooks@example.com,2024-12-06,VI
DNR-00269,Jamie Miller,Individual,desireebailey@example.org,2024-06-08,ND
DNR-00270,Cameron Irwin,Individual,avilatiffany@example.com,2024-02-20,TX
DNR-00271,"Stephens, Patel and Morrow",Organization,stevenmoore@example.org,2024-05-31,FM
DNR-00272,"Cannon, Johnson and Keller",Organization,allencarlos@example.net,2024-02-07,AZ
DNR-00273,Harper-Warner,Organization,sanchezbradley@example.com,2025-03-30,IN
DNR-00274,"Robinson, Shields and Brown",Foundation/Trust,jim95@example.net,2025-08-07,PA
DNR-00275,Sabrina Young,Individual,valerieboyd@example.com,2024-08-10,ME
DNR-00276,Justin Vargas,Individual,conniesimmons@example.com,2024-11-09,AR
DNR-00277,David-Powers,Organization,heather62@example.com,2025-03-09,MS
DNR-00278,Joshua Allen,Individual,kevinzimmerman@example.com,2024-03-04,PW
DNR-00279,Jason Butler,Individual,paulscott@example.com,2023-09-23,SD
DNR-00280,Nielsen LLC,Organization,nicholsmaria@example.org,2025-11-24,KY
DNR-00281,Nunez-Morrison,Organization,lopezkathleen@example.net,2023-11-19,TN
DNR-00282,Karen Booth,Individual,kevin03@example.org,2025-05-29,WA
DNR-00283,  ZACHARY MENDOZA  ,Individual,heatherpadilla@example.com,2025-11-07,PW
DNR-00284,Frank Campbell,Individual,wferguson@example.com,2024-02-02,KS
DNR-00285,Stephen Owens,Individual,ugill@example.org,2025-07-11,MN
DNR-00286,Angel Shields,Individual,allentran@example.net,2026-01-27,OR
DNR-00287,Elizabeth Gonzalez,Individual,noahwhitaker@example.com,2025-12-08,OH
DNR-00288,Melinda Scott,Individual,plevy@example.net,2025-01-04,NM
DNR-00289,Nicholas Bell,Individual,jenniferfreeman@example.net,2026-03-17,SD
DNR-00290,Kelly Combs,Individual,landryelizabeth@example.org,2024-12-31,MT
DNR-00291,Mark Jones,Individual,albertwagner@example.com,2024-11-14,AR
DNR-00292,Mary Jensen,Individual,bhopkins@example.org,2023-12-25,ND
DNR-00293,"Jenkins, Smith and Bowen",Organization,andre62@example.org,2026-01-09,PW
DNR-00294,Chase Lee,Individual,lisa46@example.org,2026-02-06,MN
DNR-00295,Judy Sanchez,Individual,kevinclayton@example.org,2025-08-15,SD
DNR-00296,Marie Johnson MD,Individual,dtran@example.net,2026-04-08,AL
DNR-00297,"Jackson, Porter and Hamilton",Organization,ariel18@example.org,2024-07-07,IN
DNR-00298,Sean Clay,Individual,enelson@example.net,2025-06-26,KY
DNR-00299,Kristy Johnson,Individual,alexis39@example.org,2025-05-28,WV
DNR-00300,Samantha Hickman,Individual,francisco39@example.com,2025-01-16,TX
DNR-00301,Evelyn Campos,Individual,krystalnorris@example.org,2024-07-26,NY
DNR-00302,Haley Davis,Individual,marypeterson@example.net,2025-10-10,PA
DNR-00303,Raymond Johnson,Individual,kristen77@example.org,2024-11-04,MI
DNR-00304,Jaime Lopez,Individual,nmiller@example.com,2026-04-01,AS
DNR-00305,Benjamin Adams,Individual,odawson@example.org,2023-08-05,WA
DNR-00306,Stewart-Rodriguez,Foundation/Trust,hahnsean@example.com,2024-09-26,CT
DNR-00307,Cody Cole,Individual,fgarcia@example.com,2024-11-10,OH
DNR-00308,Kyle Nguyen,Individual,asmith@example.com,2025-07-25,WI
DNR-00309,Hardy PLC,Organization,ashleyjackson@example.com,2025-06-04,GA
DNR-00310,Eric Snyder,Individual,jacksonjoshua@example.com,2025-05-08,NJ
DNR-00311,Heather Raymond,Individual,mwheeler@example.com,2026-01-15,CT
DNR-00312,Adam Foster,Individual,vbrock@example.com,2024-11-26,MA
DNR-00313,Rodney Curtis,Individual,kevinmorrison@example.net,2024-07-29,ID
DNR-00314,Edwards-Oconnell,Foundation/Trust,kelly79@example.org,2024-07-14,MD
DNR-00315,Ramirez-Hartman,Organization,daniel93@example.net,2026-03-18,ND
DNR-00316,Randall Johnson,Individual,nhahn@example.com,2025-01-30,AS
DNR-00317,Michael Fuentes,Individual,ichambers@example.net,2024-08-01,ME
DNR-00318,Matthew Espinoza,Individual,mjones@example.com,2025-07-09,OR
DNR-00319,Jonathon Knapp,Individual,ystephens@example.com,2023-07-29,UT
DNR-00320,Kimberly Little,Individual,rodriguezjohn@example.net,2024-03-16,MI
DNR-00321,Lonnie Hart,Individual,vrasmussen@example.com,2023-10-20,CT
DNR-00322,David Dixon,Individual,seanmyers@example.net,2024-03-15,OR
DNR-00323,Brittany Cuevas,Individual,agarcia@example.org,2026-04-01,DE
DNR-00324,Monica Bailey,Individual,stanley38@example.com,2023-07-26,MI
DNR-00325,Davis-Bowen,Foundation/Trust,tflores@example.org,2026-02-16,AS
DNR-00326,Alison Cooper,Individual,byrdfrank@example.net,2025-05-28,IA
DNR-00327,Kristen Rivera,Individual,omullen@example.com,2023-10-14,SC
DNR-00328,Martin Reynolds,Individual,mclaughlinnicole@example.com,2026-03-05,OR
DNR-00329,Aaron Lewis,Individual,karen19@example.org,2023-11-11,AS
DNR-00330,Chelsea Nguyen,Individual,qwilson@example.com,2023-11-29,NC
DNR-00331,Emily Price,Individual,wmatthews@example.com,2023-10-18,PR
DNR-00332,Williamson-Cervantes,Organization,samantha91@example.net,2025-03-14,DC
DNR-00333,David Wilson,Individual,heather86@example.com,2024-11-20,PA
DNR-00334,James Lopez,Individual,angelaburns@example.org,2025-10-30,HI
DNR-00335,Jerry Brown,Individual,stephanie72@example.org,2024-10-05,GU
DNR-00336,Justin Delgado,Individual,acohen@example.net,2025-08-18,MP
DNR-00337,Burns-Miller,Organization,flynnjeffrey@example.org,2025-12-23,KY
DNR-00338,Dylan Norman,Individual,hdunn@example.net,2025-11-25,DE
DNR-00339,Joshua Ritter,Individual,wolfscott@example.org,2023-11-01,NE
DNR-00340,Ronald Potter,Individual,nancy07@example.com,2024-01-20,MI
DNR-00341,Angie Grimes,Individual,rowejoel@example.net,2024-08-29,OR
DNR-00342,Shannon Bishop,Individual,imartin@example.org,2024-12-23,GU
DNR-00343,Anthony Bell,Individual,candice25@example.net,2024-05-17,LA
DNR-00344,Derek Hodge,Individual,taylorkaren@example.com,2023-12-01,PW
DNR-00345,Donald Rios,Individual,johndawson@example.org,2025-10-14,WV
DNR-00346,Jenna Thomas,Individual,courtney67@example.org,2026-02-17,SC
DNR-00347,Patricia Powell,Individual,heather57@example.com,2024-10-17,MD
DNR-00348,Sheila Boone,Individual,simonstephen@example.net,2025-01-30,UT
DNR-00349,Arthur Ferguson,Individual,tammysummers@example.com,2026-01-15,KY
DNR-00350,Drew Kelley,Individual,ashleewashington@example.com,2024-10-21,MH
DNR-00351,Amber Garcia,Individual,ksmith@example.com,2024-08-09,NH
DNR-00352,Braun Group,Organization,wendyblankenship@example.net,2024-10-03,ME
DNR-00353,Timothy Hill,Individual,john52@example.org,2024-12-26,MO
DNR-00354,Molly Fischer,Individual,trios@example.org,2023-11-24,AL
DNR-00355,Blake Wheeler,Individual,ssmith@example.com,2025-03-21,GU
DNR-00356,Scott Benson,Individual,yjones@example.org,2025-02-11,VA
DNR-00357,Ashley Richardson,Individual,derrick22@example.org,2026-02-14,NC
DNR-00358,Lisa Martin,Individual,jennifer26@example.net,2025-10-02,TX
DNR-00359,Heath-Miller,Foundation/Trust,taylordavid@example.net,2026-04-20,MS
DNR-00360,Jeffrey Moody,Individual,joshuamiller@example.net,2025-12-13,PA
DNR-00361,Lisa Maxwell,Individual,abbottdominique@example.com,2023-09-20,IL
DNR-00362,Katrina Adkins,Individual,debbie37@example.com,2025-04-21,DE
DNR-00363,Mark Jones,Individual,hatfieldsarah@example.org,2023-08-22,MS
DNR-00364,Laura Diaz,Individual,kathrynbest@example.org,2023-08-12,AK
DNR-00365,"Jones, Baker and Williams",Foundation/Trust,fryraymond@example.com,2025-01-02,SC
DNR-00366,Pamela Henderson,Individual,imiller@example.net,2024-06-23,RI
DNR-00367,Ramirez LLC,Foundation/Trust,dixonjames@example.org,2025-12-22,ND
DNR-00368,Myers-Walters,Foundation/Trust,collinssamuel@example.org,2024-07-06,AR
DNR-00369,Tim Wilson,Individual,parkerjudith@example.net,2025-12-09,HI
DNR-00370,Michael Miles,Individual,tylerreed@example.net,2026-04-03,WY
DNR-00371,Deanna Watson,Individual,jessica10@example.com,2026-02-17,AS
DNR-00372,Joseph Baker,Individual,crawfordwilliam@example.org,2025-05-13,NM
DNR-00373,Carol Moore,Individual,shannonemily@example.org,2024-01-31,IN
DNR-00374,April Trevino,Individual,sanchezthomas@example.com,2025-05-06,PW
DNR-00375,Timothy Mathews,Individual,pwalker@example.com,2026-04-10,PW
DNR-00376,Denise Miller,Individual,david02@example.org,2025-09-28,AS
DNR-00377,"Jarvis, Finley and Jones",Organization,xcline@example.com,2023-09-14,MD
DNR-00378,Jesus Wood,Individual,anne49@example.org,2025-04-05,NH
DNR-00379,Vargas-Snyder,Organization,jessicapayne@example.org,2024-02-23,FL
DNR-00380,Jason Hall,Individual,cynthia05@example.org,2025-10-05,WV
DNR-00381,Sarah Acosta,Individual,harristonya@example.com,2023-07-03,NM
DNR-00382,Valerie Thomas,Individual,christopher38@example.com,2026-02-01,UT
DNR-00383,Judy Adkins,Individual,wagnerdana@example.com,2024-07-19,CA
DNR-00384,"Bradley, Graham and Brandt",Organization,kellyrosales@example.com,2026-04-16,UT
DNR-00385,Erika Chavez,Individual,charlesharris@example.net,2023-10-14,CT
DNR-00386,Garcia Group,Organization,hedwards@example.net,2024-03-25,MI
DNR-00387,Christine Parker,Individual,melissa12@example.net,2025-12-14,ME
DNR-00388,Melissa Williams,Individual,eddie35@example.com,2026-03-19,NY
DNR-00389,Byrd LLC,Organization,anthonysullivan@example.com,2024-11-02,OH
DNR-00390,"Pierce, Davis and Garcia",Organization,davidbrown@example.org,2025-03-28,DC
DNR-00391,Colon LLC,Foundation/Trust,aguilarjonathan@example.org,2025-10-13,AK
DNR-00392,Christina Brewer PhD,Individual,steinmaria@example.com,2024-02-18,DE
DNR-00393,Joel Jackson,Individual,zunderwood@example.com,2024-02-26,AK
DNR-00394,Vega-Thompson,Organization,rebekahhill@example.com,2024-05-11,FM
DNR-00395,Lucas Jensen,Individual,victor87@example.org,2025-02-17,CO
DNR-00396,Reyes-Barnes,Foundation/Trust,crystalpham@example.org,2025-01-10,MS
DNR-00397,"Howard, Stephens and Washington",Organization,paul20@example.com,2026-03-15,PA
DNR-00398,Steven Osborne,Individual,stokesthomas@example.com,2024-11-11,WI
DNR-00399,"Key, Dickson and Garcia",Organization,josephvelasquez@example.net,2024-04-22,AR
DNR-00400,Johnston Group,Organization,savannah22@example.org,2024-04-05,OR
DNR-00401,Oscar Howard,Individual,warnermichael@example.net,2025-01-16,OK
DNR-00402,Hart and Sons,Foundation/Trust,lweaver@example.com,2025-10-27,AZ
DNR-00403,David Robinson,Individual,nsmith@example.org,2024-12-29,AS
DNR-00404,Peterson and Sons,Organization,brian29@example.net,2025-01-30,PW
DNR-00405,Brian Fox,Individual,susan56@example.net,2026-03-29,CT
DNR-00406,Turner-Taylor,Organization,jessicakim@example.net,2025-12-31,NM
DNR-00407,Carrie Novak,Individual,jeffrey92@example.com,2025-06-06,ME
DNR-00408,Elizabeth Thompson,Individual,rushstacy@example.com,2025-08-11,PR
DNR-00409,"Johnson, Guzman and Mccall",Foundation/Trust,daniellegarcia@example.com,2025-04-20,FL
DNR-00410,Blake Reed,Individual,gary15@example.com,2024-11-01,AL
DNR-00411,David Jones,Individual,kristin00@example.com,2024-10-21,NV
DNR-00412,"Barnes, Jackson and Gutierrez",Foundation/Trust,ybell@example.org,2025-10-19,MP
DNR-00413,Kramer-Lane,Foundation/Trust,franciscojones@example.org,2026-02-23,LA
DNR-00414,Dean Garcia,Individual,george62@example.net,2025-08-19,CA
DNR-00415,Stephanie Davis,Individual,bbush@example.net,2024-05-07,GA
DNR-00416,Jessica Brown,Individual,jamie36@example.net,2023-09-14,OH
DNR-00417,Monica Baker,Individual,kenneth10@example.com,2025-05-10,OK
DNR-00418,Katherine Brown,Individual,pattersonkelly@example.net,2025-12-18,SC
DNR-00419,Christina Johnson,Individual,daniellerowland@example.com,2026-01-21,PR
DNR-00420,  PARKER GROUP  ,Organization,qburns@example.com,2024-04-21,CO
DNR-00421,"Stephens, Lopez and Mcclure",Organization,jacob04@example.com,2024-05-12,NH
DNR-00422,Perez-Adams,Organization,hernandezheather@example.org,2024-12-24,CO
DNR-00423,Rhonda Gutierrez,Individual,angelarandall@example.net,2025-09-22,MT
DNR-00424,Melissa Mayer,Individual,thomasmiller@example.net,2025-05-03,AZ
DNR-00425,Stephanie Mcbride,Individual,davidtodd@example.org,2025-08-17,GA
DNR-00426,Rhonda Martinez,Individual,rmiller@example.com,2026-03-26,ID
DNR-00427,Lori Flowers MD,Individual,millerangela@example.net,2023-09-12,MD
DNR-00428,Stone-Stark,Organization,buchanancindy@example.net,2024-10-23,WY
DNR-00429,Jason Hernandez,Individual,buckleyanna@example.org,2025-02-08,WY
DNR-00430,Joseph Cooper,Individual,pbaker@example.com,2024-01-02,OK
DNR-00431,Amanda Hill,Individual,christinebecker@example.com,2024-01-18,AZ
DNR-00432,Preston-Rivera,Organization,brandonalvarez@example.com,2024-01-22,MH
DNR-00433,George Leon,Individual,juan71@example.org,2025-03-05,DC
DNR-00434,Patrick Schroeder,Individual,joseph69@example.net,2023-10-03,CO
DNR-00435,Daniel Holloway,Individual,xmalone@example.org,2023-10-23,NY
DNR-00436,Ana Mckinney,Individual,htaylor@example.net,2025-08-06,AK
DNR-00437,Shaun Gonzalez,Individual,wrightstephen@example.com,2024-11-12,VT
DNR-00438,Hill Group,Organization,hreid@example.net,2024-07-03,AK
DNR-00439,John Griffin,Individual,wmatthews@example.com,2023-12-09,GA
DNR-00440,Deanna Rivas,Individual,mitchellpaul@example.org,2025-08-22,PR
DNR-00441,Traci Vincent,Individual,ericaadams@example.com,2024-11-05,NY
DNR-00442,Hancock Ltd,Foundation/Trust,wellsdavid@example.org,2024-04-19,PA
DNR-00443,Courtney Franklin,Individual,jennifer46@example.com,2024-12-02,PR
DNR-00444,David Owens,Individual,asilva@example.net,2023-07-20,TN
DNR-00445,Hoffman-Wheeler,Organization,kenneth17@example.org,2026-02-07,MA
DNR-00446,Davidson-Hensley,Foundation/Trust,diana43@example.org,2024-05-19,NC
DNR-00447,Yoder PLC,Foundation/Trust,rguerrero@example.org,2025-06-07,VA
DNR-00448,Rios LLC,Organization,rebecca66@example.net,2025-03-04,AZ
DNR-00449,Wendy Cabrera,Individual,jessica38@example.net,2025-11-15,WY
DNR-00450,Todd Howard,Individual,megan82@example.com,2026-01-21,CT
DNR-00451,Anderson-Green,Organization,staceylam@example.net,2024-08-11,CO
DNR-00452,Daniel Savage,Individual,vfrench@example.com,2026-03-16,KS
DNR-00453,Julie Wilson,Individual,delacruzbrandy@example.net,2025-08-20,CA
DNR-00454,Preston-Mason,Foundation/Trust,amoreno@example.org,2025-02-25,VI
DNR-00455,Brenda Gonzalez,Individual,dbenitez@example.org,2025-02-24,MD
DNR-00456,  CATHERINE MILLER  ,Individual,crystal25@example.net,2025-09-18,AR
DNR-00457,Donald Juarez,Individual,barbaramoore@example.org,2023-10-09,DC
DNR-00458,Madeline Powell,Individual,creyes@example.net,2026-04-13,ID
DNR-00459,Tiffany Mcclain,Individual,andrewsmith@example.net,2025-02-06,IA
DNR-00460,Shawn Collins,Individual,reyesbrianna@example.org,2024-10-14,CA
DNR-00461,Elizabeth Carter,Individual,ryan25@example.com,2025-06-21,MI
DNR-00462,Carmen Meadows,Individual,osmith@example.net,2024-07-24,DC
DNR-00463,Alex Wagner,Individual,richardsondebra@example.org,2024-04-06,MS
DNR-00464,Dawn Nichols,Individual,wheelerbrandon@example.org,2023-09-19,SD
DNR-00465,Williams Inc,Foundation/Trust,hwallace@example.net,2025-12-19,KS
DNR-00466,  CHRISTIAN NEAL  ,Individual,turnerdorothy@example.net,2025-07-17,NC
DNR-00467,Larry Taylor,Individual,huntchristine@example.com,2024-01-01,DE
DNR-00468,Jimenez PLC,Organization,kimberlydecker@example.org,2025-04-30,MI
DNR-00469,Elizabeth Williams,Individual,slozano@example.com,2024-06-24,MA
DNR-00470,Smith Ltd,Foundation/Trust,meadowsmary@example.net,2025-07-19,NM
DNR-00471,Brandon Hunt,Individual,conwaydawn@example.com,2025-01-09,LA
DNR-00472,Marshall-Garcia,Foundation/Trust,morganphelps@example.com,2024-12-08,AS
DNR-00473,Jessica Wilson,Individual,smithdevon@example.net,2026-03-13,GA
DNR-00474,Howard-Kim,Organization,natalie15@example.com,2025-02-24,HI
DNR-00475,James Bryant,Individual,evaughn@example.com,2025-05-24,SD
DNR-00476,Wilson Ltd,Foundation/Trust,jarvismegan@example.org,2026-02-14,MT
DNR-00477,Karen Carroll,Individual,ywhite@example.com,2024-04-14,RI
DNR-00478,Michael Roberson,Individual,timothyfreeman@example.com,2024-10-05,NV
DNR-00479,Brown Ltd,Foundation/Trust,alexander89@example.net,2025-09-21,OK
DNR-00480,Tyler Marks,Individual,reynoldsjessica@example.com,2025-07-19,MI
DNR-00481,Margaret Hernandez,Individual,smithsarah@example.net,2025-09-16,PR
DNR-00482,  JON MARTIN  ,Individual,vflores@example.com,2024-03-10,AR
DNR-00483,Krista Gray,Individual,christianwallace@example.net,2024-12-18,NV
DNR-00484,Jonathan Stewart,Individual,bmcgee@example.org,2025-07-30,MO
DNR-00485,Justin Smith,Individual,connersylvia@example.net,2024-10-21,ME
DNR-00486,"Hart, Pena and Bryant",Foundation/Trust,michael03@example.com,2025-05-02,MA
DNR-00487,Lisa Kennedy,Individual,jennifer11@example.net,2024-09-26,IN
DNR-00488,Henry Schultz,Individual,amy51@example.org,2026-02-05,MH
DNR-00489,Vasquez Ltd,Foundation/Trust,nrodriguez@example.org,2025-03-10,ID
DNR-00490,Conrad Group,Organization,stephenharrington@example.net,2024-02-24,MA
DNR-00491,Jason House,Individual,bartonshannon@example.net,2023-09-15,OR
DNR-00492,Brandy Porter,Individual,tranryan@example.net,2026-04-04,NJ
DNR-00493,Priscilla Kent,Individual,jessicaanderson@example.com,2024-10-23,TN
DNR-00494,Sonya Gordon,Individual,mbarnes@example.net,2024-04-03,WV
DNR-00495,James Cooper,Individual,shawn22@example.com,2025-07-29,PA
DNR-00496,Nicole Evans,Individual,jennifer83@example.org,2025-11-05,IL
DNR-00497,Donna Reed,Individual,tinasantos@example.org,2024-05-12,NY
DNR-00498,Mallory Page,Individual,anna99@example.net,2024-01-19,VT
DNR-00499,Craig-English,Foundation/Trust,natalie60@example.net,2025-10-13,CT
DNR-00500,James Inc,Foundation/Trust,gonzalezkaren@example.org,2025-01-23,LA
DNR-00501,  BRIANNA BROWN  ,Individual,james80@example.com,2025-07-28,GU
DNR-00502,Luis Lowe,Individual,juliahoffman@example.org,2025-12-27,NY
DNR-00503,Rebecca Roberts,Individual,housepaul@example.net,2025-07-12,MD
DNR-00504,"Brown, Manning and Harris",Organization,ogreer@example.net,2025-07-22,VT
DNR-00505,Nicole Payne,Individual,kimberlybrandt@example.com,2025-07-04,NV
DNR-00506,Michael Lopez,Individual,jillwilson@example.org,2025-01-16,NE
DNR-00507,Hawkins-Anderson,Foundation/Trust,adam72@example.org,2024-03-07,FL
DNR-00508,Carlson-Ayala,Organization,tracy98@example.com,2026-01-17,CA
DNR-00509,"Stewart, Robinson and White",Foundation/Trust,hartmanerik@example.net,2024-09-07,ND
DNR-00510,Gregory Ware,Individual,mark43@example.net,2023-08-13,NC
DNR-00511,Justin Goodwin,Individual,wilsonmichael@example.org,2025-05-14,MH
DNR-00512,Tamara Sanchez,Individual,flemingmanuel@example.org,2024-03-14,MS
DNR-00513,Fernandez-Campbell,Foundation/Trust,willie87@example.com,2024-08-24,AZ
DNR-00514,Villanueva-Lee,Organization,vaughangary@example.net,2024-08-28,ND
DNR-00515,Austin Santiago,Individual,michellecoleman@example.org,2024-10-20,IL
DNR-00516,Michele Cherry,Individual,elucas@example.net,2024-04-28,TX
DNR-00517,Joe Rivera,Individual,jonesgregory@example.com,2023-07-06,OH
DNR-00518,Andrews and Sons,Organization,rickey76@example.com,2024-04-22,MD
DNR-00519,Price Inc,Foundation/Trust,maychristine@example.net,2024-11-25,OR
DNR-00520,Ryan Howard,Individual,robertsgina@example.net,2024-02-11,CO
DNR-00521,Timothy James,Individual,wellsamanda@example.org,2023-08-22,WA
DNR-00522,Robert Gardner,Individual,kennetheaton@example.net,2025-07-03,SD
DNR-00523,Bernard-Smith,Foundation/Trust,davidsmith@example.net,2024-10-30,MO
DNR-00524,"Kelley, Miller and Clark",Organization,jason82@example.org,2023-08-02,HI
DNR-00525,Jensen LLC,Organization,dannylambert@example.net,2023-10-16,PR
DNR-00526,Paul Branch,Individual,enewman@example.com,2025-11-09,TN
DNR-00527,Brett Swanson,Individual,wlynn@example.org,2023-11-08,TN
DNR-00528,Ariel Harvey,Individual,louishayes@example.net,2025-07-11,TN
DNR-00529,Kevin Cunningham,Individual,lindsey62@example.org,2024-02-09,MD
DNR-00530,Floyd Ltd,Organization,xhill@example.org,2024-09-26,TX
DNR-00531,"Rivera, Castillo and Griffin",Organization,tony12@example.net,2023-09-27,PA
DNR-00532,Wilkinson and Sons,Foundation/Trust,josemercado@example.org,2025-03-09,VA
DNR-00533,Mcclain PLC,Foundation/Trust,hessbeth@example.net,2023-09-02,IL
DNR-00534,Kristen Stephens,Individual,jvaldez@example.com,2026-03-07,MO
DNR-00535,Vance PLC,Organization,dennis88@example.org,2025-11-20,MO
DNR-00536,Shaw-Bates,Foundation/Trust,katherinetaylor@example.org,2026-03-31,HI
DNR-00537,"Fry, Hopkins and Faulkner",Organization,ccrosby@example.org,2025-12-25,WV
DNR-00538,Arthur Wood Jr.,Individual,aprilmoody@example.com,2023-12-13,NJ
DNR-00539,Sierra Williams,Individual,dakota84@example.net,2024-04-29,KS
DNR-00540,Laura Bennett,Individual,pdiaz@example.org,2025-01-14,NC
DNR-00541,Bennett-Solomon,Foundation/Trust,wgomez@example.com,2025-04-26,WY
DNR-00542,Mr. Jonathan Taylor,Individual,jerryrobertson@example.com,2025-02-23,IL
DNR-00543,Christopher Guzman,Individual,guerrerorobert@example.com,2025-11-28,VA
DNR-00544,Michael Mendoza,Individual,deborahjenkins@example.org,2024-02-20,AZ
DNR-00545,Kevin Taylor,Individual,macdonalddylan@example.org,2024-09-13,KS
DNR-00546,Kellie Sullivan,Individual,johnsjessica@example.com,2024-10-10,CO
DNR-00547,Lawrence Ruiz,Individual,ajackson@example.net,2026-01-14,FL
DNR-00548,Samantha White,Individual,gary57@example.net,2024-01-11,OR
DNR-00549,James Anderson,Individual,harrismichele@example.net,2025-04-01,TX
DNR-00550,Serrano-Jacobs,Organization,thomasmendez@example.org,2025-08-05,FM
DNR-00551,Kathy Wilson,Individual,mhopkins@example.net,2026-02-26,GU
DNR-00552,Prince Ltd,Organization,xboyd@example.org,2023-12-22,UT
DNR-00553,Crystal Lang,Individual,zbell@example.net,2024-01-14,PW
DNR-00554,Melissa Davis,Individual,jonathancannon@example.org,2025-08-02,LA
DNR-00555,"Mcdowell, Ortiz and Lopez",Organization,lanedavid@example.org,2023-10-31,MS
DNR-00556,Melissa Stewart,Individual,daniel69@example.com,2025-05-06,KS
DNR-00557,Jessica Diaz,Individual,victoria63@example.com,2025-10-19,OH
DNR-00558,Karen Wood,Individual,tking@example.net,2025-11-13,MI
DNR-00559,"Sanders, Taylor and Shields",Organization,adkinssean@example.net,2023-10-14,GA
DNR-00560,Jordan Hartman,Individual,martintamara@example.org,2025-03-31,AS
DNR-00561,Charles Frost,Individual,qdavis@example.org,2024-09-08,MN
DNR-00562,Andrew Cruz,Individual,hmendez@example.com,2026-03-14,VT
DNR-00563,Amy Ayala,Individual,daniellegonzales@example.org,2024-02-07,PR
DNR-00564,Regina Mitchell,Individual,bowerswilliam@example.net,2025-07-22,IN
DNR-00565,Megan Ward,Individual,cantrellchristopher@example.com,2025-01-21,WI
DNR-00566,Michael Sullivan,Individual,aprilmclaughlin@example.org,2025-11-25,PW
DNR-00567,Duane Gallegos,Individual,michael43@example.net,2023-08-23,ID
DNR-00568,Jared Smith,Individual,richardrodriguez@example.org,2024-12-29,NY
DNR-00569,  MORGAN-WILSON  ,Foundation/Trust,nancy94@example.net,2025-01-10,NV
DNR-00570,Kristine Carrillo,Individual,susan77@example.net,2025-03-24,VI
DNR-00571,Brian Jones,Individual,ericahall@example.com,2025-06-18,MT
DNR-00572,  BLACK-SMITH  ,Organization,john16@example.net,2024-04-19,WA
DNR-00573,Angela Velazquez,Individual,nedwards@example.net,2025-09-28,KY
DNR-00574,Paul Conrad,Individual,victorgonzalez@example.net,2023-09-01,IA
DNR-00575,Clark-Harris,Organization,marykelly@example.org,2024-09-13,DE
DNR-00576,Lowe Ltd,Foundation/Trust,waustin@example.net,2026-01-15,AZ
DNR-00577,Jacqueline Stewart,Individual,travis84@example.com,2025-07-27,IN
DNR-00578,"Anderson, Fox and Henderson",Foundation/Trust,shawphillip@example.net,2025-04-25,WI
DNR-00579,William Wolfe,Individual,astewart@example.org,2023-12-21,TX
DNR-00580,Kevin Nguyen,Individual,jacob43@example.com,2024-05-14,NJ
DNR-00581,Grace White,Individual,sclark@example.com,2023-10-10,MN
DNR-00582,Ramirez-White,Foundation/Trust,tiffanyparks@example.org,2025-01-08,VA
DNR-00583,David Reynolds,Individual,zgonzalez@example.net,2025-11-15,FL
DNR-00584,Adam Fisher,Individual,wendyatkinson@example.net,2025-12-22,ND
DNR-00585,Rachel Evans,Individual,rosshannah@example.org,2024-09-14,IL
DNR-00586,Karen Soto,Individual,qgarner@example.com,2024-02-19,MN
DNR-00587,Tara Scott,Individual,jenkinsmichael@example.net,2024-02-13,PA
DNR-00588,Kenneth Banks,Individual,tiffanymitchell@example.com,2026-03-23,TX
DNR-00589,Patricia Griffin,Individual,jamesjustin@example.net,2025-03-23,FL
DNR-00590,Margaret Mcfarland,Individual,kwelch@example.com,2025-09-17,PR
DNR-00591,Angela Cooper,Individual,logan44@example.net,2023-10-21,SD
DNR-00592,  STEPHEN NORMAN  ,Individual,julie87@example.com,2025-03-09,GA
DNR-00593,Alexander Luna,Individual,shelby13@example.org,2024-04-07,MO
DNR-00594,Arthur Johns,Individual,johnsonrandy@example.org,2025-02-12,CT
DNR-00595,Montgomery-Miller,Organization,pparker@example.net,2023-07-16,LA
DNR-00596,Cameron Rose,Individual,anthonyalvarado@example.com,2025-11-28,VI
DNR-00597,William Fernandez,Individual,amy28@example.org,2025-08-17,OR
DNR-00598,Lynn Fields,Individual,omills@example.net,2024-10-14,ME
DNR-00599,Karen Perez,Individual,ramosmichael@example.com,2025-06-25,FL
DNR-00600,Aaron Ochoa,Individual,mauriceharrison@example.org,2023-09-25,UT
DNR-00601,Theresa Woods,Individual,cannonlauren@example.net,2026-01-27,IN
DNR-00602,Kimberly Lopez,Individual,kfoster@example.net,2025-04-02,WA
DNR-00603,Sandra Walker,Individual,hendersonjohn@example.net,2025-10-06,AS
DNR-00604,Denise Wong,Individual,robert12@example.org,2025-11-02,LA
DNR-00605,Jesse Chavez,Individual,blopez@example.org,2025-10-07,AR
DNR-00606,  ALISON COMPTON  ,Individual,joseph70@example.org,2025-04-26,CO
DNR-00607,Johnny Peterson,Individual,kristi75@example.com,2026-01-28,UT
DNR-00608,Erin Bridges,Individual,brianrowe@example.org,2025-07-11,ND
DNR-00609,Corey Skinner,Individual,hclayton@example.net,2024-02-02,IA
DNR-00610,William Wright,Individual,gonzalezjill@example.org,2025-09-28,NC
DNR-00611,Christine Price,Individual,sharon20@example.net,2025-09-18,OH
DNR-00612,"Martinez, Olson and Evans",Organization,paige31@example.org,2025-05-26,SC
DNR-00613,Adrian Bauer,Individual,fosterjohn@example.org,2024-06-09,OR
DNR-00614,Karen Carlson,Individual,kelli32@example.com,2024-02-19,CO
DNR-00615,"Montgomery, Galvan and Shea",Organization,browndeanna@example.net,2024-08-01,ND
DNR-00616,Martinez and Sons,Foundation/Trust,tina57@example.net,2025-06-15,ID
DNR-00617,James Ramsey,Individual,rachel77@example.net,2024-04-28,LA
DNR-00618,Katherine Knight,Individual,mario74@example.net,2024-04-25,PW
DNR-00619,"Martin, Schmidt and Cole",Organization,amber70@example.net,2024-06-20,NY
DNR-00620,Cody Smith,Individual,kimberly35@example.net,2023-12-02,CA
DNR-00621,Kimberly Hughes,Individual,jcannon@example.net,2026-04-07,LA
DNR-00622,Martin Rodriguez,Individual,williamssharon@example.org,2026-01-05,VI
DNR-00623,Brian Lee,Individual,duncanmary@example.net,2025-04-22,NM
DNR-00624,Meredith Scott,Individual,jeffrey10@example.org,2025-04-08,SD
DNR-00625,Steve Miller PhD,Individual,wardjulia@example.com,2023-11-17,GU
DNR-00626,Michael Colon,Individual,allison14@example.org,2025-03-12,IL
DNR-00627,Anne Hardy,Individual,hlopez@example.net,2023-10-24,IA
DNR-00628,Theresa Hansen,Individual,xreese@example.net,2023-11-29,OK
DNR-00629,Jimmy Ortega,Individual,jacksonhenry@example.com,2026-01-11,NY
DNR-00630,  CHRISTOPHER MURILLO  ,Individual,umahoney@example.net,2025-07-25,MD
DNR-00631,Jennifer Schultz,Individual,charlene98@example.org,2023-12-05,MS
DNR-00632,"Howe, King and Nixon",Organization,amoyer@example.net,2024-01-01,AZ
DNR-00633,Ms. Kelly Holder,Individual,adam33@example.com,2025-08-26,AK
DNR-00634,Terri Short,Individual,clintonstevens@example.org,2023-09-23,DC
DNR-00635,Steve Wright,Individual,lisa19@example.com,2024-07-20,OK
DNR-00636,Morgan Cummings,Individual,sthompson@example.net,2026-03-01,OK
DNR-00637,Anna May,Individual,crossbarbara@example.org,2023-11-04,WI
DNR-00638,Randy Bailey,Individual,hbutler@example.org,2025-06-03,WA
DNR-00639,Lindsey Smith,Individual,hbrown@example.org,2023-12-20,MD
DNR-00640,Brittany Shaw,Individual,ericnunez@example.com,2024-06-18,NV
DNR-00641,  LAURA DAVIS  ,Individual,zroberts@example.org,2025-12-13,DC
DNR-00642,John Mcgee,Individual,zbaker@example.net,2024-05-21,NE
DNR-00643,Bianca Taylor,Individual,tonypearson@example.org,2025-01-30,OH
DNR-00644,Nancy Sanchez,Individual,adamsrussell@example.net,2025-05-23,OK
DNR-00645,Michael Henderson,Individual,james59@example.net,2023-10-16,AK
DNR-00646,Jackson-Bailey,Organization,chanson@example.org,2025-05-16,GU
DNR-00647,Michael Moore,Individual,rodriguezbrian@example.net,2024-01-10,FL
DNR-00648,Samantha Smith,Individual,torresthomas@example.com,2025-08-30,IL
DNR-00649,"Medina, Harris and Mills",Organization,ana92@example.net,2024-05-03,UT
DNR-00650,Jamie Escobar,Individual,scottbrian@example.org,2024-04-15,WY
DNR-00651,Denise Marshall,Individual,jonesdonna@example.net,2025-03-27,PR
DNR-00652,Heather Rodriguez,Individual,michelle63@example.com,2025-09-10,NY
DNR-00653,Ariana Stewart,Individual,lopezvincent@example.com,2023-12-21,OH
DNR-00654,Alison Wright,Individual,matthew62@example.org,2025-08-10,MI
DNR-00655,Heather Turner,Individual,lisa46@example.org,2025-05-03,OH
DNR-00656,Courtney Peterson,Individual,fsandoval@example.net,2024-01-08,MS
DNR-00657,Megan Salas,Individual,robertberry@example.com,2025-11-14,ME
DNR-00658,Erin Daniels,Individual,denisecarpenter@example.net,2023-08-07,AS
DNR-00659,Charles Barker,Individual,russellstout@example.org,2024-07-04,SD
DNR-00660,Sylvia Stewart,Individual,whitemary@example.org,2025-05-30,VA
DNR-00661,Fernando Dudley,Individual,vturner@example.net,2026-03-22,WA
DNR-00662,Hernandez-Lopez,Foundation/Trust,jackfarmer@example.net,2024-04-07,RI
DNR-00663,Keith Hall,Individual,jerryjohnson@example.org,2025-02-25,UT
DNR-00664,Brandi Mathis,Individual,xjoseph@example.org,2024-01-24,PR
DNR-00665,John Martin,Individual,antonioduran@example.org,2023-09-16,KY
DNR-00666,Courtney Powers,Individual,katherinejones@example.com,2024-03-25,VI
DNR-00667,Melissa Delacruz,Individual,ronaldparsons@example.net,2024-05-11,WA
DNR-00668,Michelle Long,Individual,meyershannon@example.org,2024-06-04,FM
DNR-00669,Kelly Foster PhD,Individual,oblack@example.org,2023-09-28,ID
DNR-00670,James Torres,Individual,steven64@example.net,2024-10-29,PW
DNR-00671,Jose Thomas,Individual,gdavis@example.org,2025-02-03,HI
DNR-00672,"Pace, Horton and Taylor",Organization,bmorris@example.org,2026-01-05,NH
DNR-00673,Michelle Harris,Individual,udavis@example.net,2024-11-01,SD
DNR-00674,Rebecca Higgins,Individual,davisjasmin@example.net,2026-02-15,MN
DNR-00675,Michael Acosta,Individual,nicholasjames@example.org,2024-08-01,PW
DNR-00676,Cunningham-Keller,Foundation/Trust,fernandothomas@example.net,2025-12-19,AR
DNR-00677,Eric Mack,Individual,lroberts@example.org,2025-01-28,MH
DNR-00678,Dale Dean,Individual,alexander77@example.net,2026-04-25,AS
DNR-00679,Franklin Group,Foundation/Trust,jaykeller@example.com,2024-05-27,MT
DNR-00680,Miller-Greene,Organization,nicoleramirez@example.net,2024-04-09,OH
DNR-00681,Williams and Sons,Organization,delgadobenjamin@example.org,2023-10-15,TN
DNR-00682,Lindsey Rivera,Individual,williamsrobert@example.org,2025-07-30,GA
DNR-00683,Lisa Holt,Individual,tammycurry@example.com,2024-01-27,AZ
DNR-00684,Edwin Richardson,Individual,wwilkins@example.com,2024-03-12,MP
DNR-00685,"Brown, Ruiz and Martinez",Foundation/Trust,mark68@example.org,2024-05-24,UT
DNR-00686,Anthony Duncan,Individual,webbhaley@example.net,2024-04-27,LA
DNR-00687,Ryan Green,Individual,sara99@example.com,2024-01-04,NC
DNR-00688,Kathleen Morton,Individual,jeanettekrause@example.org,2024-09-27,DE
DNR-00689,Marshall Inc,Organization,laurenduarte@example.com,2025-06-15,AZ
DNR-00690,Justin Walsh,Individual,davidsonhannah@example.com,2025-10-27,WY
DNR-00691,Eric Pierce,Individual,wilsonmathew@example.com,2026-04-24,VA
DNR-00692,Toni Collier,Individual,markmorgan@example.net,2025-08-29,NJ
DNR-00693,Rebecca Brewer,Individual,dmoore@example.net,2025-08-06,MH
DNR-00694,Richard Gutierrez,Individual,conleykevin@example.net,2025-04-13,TX
DNR-00695,Joshua Clark,Individual,lauren51@example.org,2025-05-17,KY
DNR-00696,Gina Brooks,Individual,ashleyprice@example.net,2024-04-07,DE
DNR-00697,  NICOLE THORNTON  ,Individual,jennifer46@example.org,2026-02-22,NM
DNR-00698,Jacqueline Gallegos,Individual,javier42@example.org,2024-04-10,MN
DNR-00699,Paula Gentry,Individual,zhunter@example.com,2026-02-15,MH
DNR-00700,Cheryl Mclean,Individual,kimberly21@example.net,2023-07-11,TX
DNR-00701,Christine Johnson MD,Individual,smithsarah@example.net,2023-08-08,PR
DNR-00702,Anita Owens,Individual,garciakatie@example.net,2024-05-02,ME
DNR-00703,Peter Fowler,Individual,manuellee@example.com,2025-11-13,ND
DNR-00704,Jeremy Wilson,Individual,ericwilson@example.net,2025-02-10,OH
DNR-00705,Christine Bell,Individual,joseph49@example.org,2024-03-06,GA
DNR-00706,Collins LLC,Foundation/Trust,bwilliams@example.com,2025-11-06,MH
DNR-00707,Ashley Brown,Individual,tmyers@example.net,2026-01-22,MH
DNR-00708,"Soto, Vaughn and Griffin",Organization,larry38@example.org,2026-04-19,WV
DNR-00709,Laura Davis,Individual,tdavis@example.net,2023-08-03,SD
DNR-00710,Julie Hall,Individual,douglashuang@example.com,2024-11-07,PW
DNR-00711,Myers-Lyons,Organization,kristina57@example.com,2025-02-16,AK
DNR-00712,Brian Mendoza,Individual,justinbailey@example.net,2025-06-22,DC
DNR-00713,Jennifer Klein,Individual,nguyendebra@example.com,2025-10-31,ND
DNR-00714,Kevin Allen,Individual,amydickson@example.com,2023-12-23,CA
DNR-00715,Robert Garza,Individual,vbradley@example.net,2025-07-08,UT
DNR-00716,Thompson Ltd,Foundation/Trust,stevensonjennifer@example.com,2023-08-11,DE
DNR-00717,"Carlson, Nguyen and Davis",Organization,zthompson@example.org,2026-02-17,PA
DNR-00718,Jennings PLC,Foundation/Trust,pmurphy@example.net,2025-08-31,AR
DNR-00719,Robert Clay,Individual,shermandonna@example.com,2024-12-01,ND
DNR-00720,Luis West,Individual,erinstewart@example.net,2025-07-01,WY
DNR-00721,"Torres, Harding and Graham",Foundation/Trust,veronica90@example.net,2025-06-06,NY
DNR-00722,Cameron Phillips,Individual,rachel00@example.net,2024-01-29,OH
DNR-00723,Heather Callahan,Individual,youngjacqueline@example.com,2025-05-11,SC
DNR-00724,James James,Individual,elainewells@example.org,2025-06-21,OH
DNR-00725,Tim Larsen,Individual,keithsalas@example.org,2024-06-23,DC
DNR-00726,Jones Inc,Organization,jennifertucker@example.com,2026-02-06,DC
DNR-00727,Martin Perry,Individual,senglish@example.net,2026-03-07,NE
DNR-00728,"White, Hicks and Arnold",Organization,ocruz@example.org,2024-04-02,NE
DNR-00729,Laura Bradford,Individual,jenniferadams@example.net,2026-01-23,OK
DNR-00730,  WILLIAM CARROLL  ,Individual,daniel71@example.org,2024-08-16,VA
DNR-00731,Victoria Terrell,Individual,steven18@example.net,2024-08-12,CO
DNR-00732,Kennedy Ltd,Organization,suttonamber@example.net,2025-04-07,ME
DNR-00733,Stephanie Nichols,Individual,harrisonwilliam@example.com,2025-09-23,OK
DNR-00734,Jennifer Yu,Individual,keith09@example.net,2026-02-24,ME
DNR-00735,Kristy Brown,Individual,klane@example.org,2024-07-26,TN
DNR-00736,Lamb-Weber,Organization,todd28@example.org,2023-10-06,PR
DNR-00737,Darlene Gilbert,Individual,michaela01@example.net,2025-05-10,HI
DNR-00738,"Stevenson, Hopkins and Wood",Organization,josehaynes@example.com,2025-07-23,HI
DNR-00739,Shannon Cooper,Individual,coffeycaitlin@example.org,2025-09-27,MP
DNR-00740,Wyatt Townsend II,Individual,kbarber@example.org,2025-08-30,OK
DNR-00741,Haley May,Individual,williamssteven@example.com,2024-07-17,ME
DNR-00742,Travis Nielsen,Individual,noahthornton@example.com,2026-04-14,KS
DNR-00743,Seth Smith,Individual,ureyes@example.net,2024-12-28,TX
DNR-00744,Anne Schmidt,Individual,stephanie69@example.net,2025-11-16,PR
DNR-00745,Devin Lang,Individual,destiny67@example.net,2024-07-04,WA
DNR-00746,Navarro PLC,Organization,aprilbyrd@example.org,2025-04-18,MD
DNR-00747,Megan Decker,Individual,jenkinsalicia@example.net,2025-05-02,NV
DNR-00748,Nicholas King,Individual,johnsonchristopher@example.net,2025-03-19,TN
DNR-00749,Sampson Ltd,Foundation/Trust,ericksondavid@example.net,2025-11-19,DC
DNR-00750,Phillip Wong,Individual,pauladominguez@example.com,2025-12-26,LA
DNR-00751,Timothy Fowler,Individual,kayla54@example.org,2023-09-25,WI
DNR-00752,Ramirez Inc,Foundation/Trust,dprice@example.com,2025-06-22,GU
DNR-00753,Jeremiah Vasquez,Individual,chelseywhite@example.com,2025-12-07,CT
DNR-00754,Randy Robinson,Individual,gainesjennifer@example.org,2023-10-26,AZ
DNR-00755,Kenneth King,Individual,fsmith@example.org,2025-10-09,SD
DNR-00756,"Smith, Johnson and Myers",Organization,isabelconway@example.net,2024-05-23,AL
DNR-00757,Teresa Henry,Individual,upowell@example.org,2024-04-18,ND
DNR-00758,James Norris,Individual,imartinez@example.com,2025-12-14,MA
DNR-00759,"  TURNER, BROWN AND SHEA  ",Organization,diazmelissa@example.com,2023-11-15,CO
DNR-00760,Hodges-Roberts,Organization,gregorywilliams@example.com,2025-07-20,TN
DNR-00761,Michael Mosley,Individual,tom73@example.org,2023-09-05,AZ
DNR-00762,Nathan Watkins,Individual,yprice@example.net,2026-01-07,SD
DNR-00763,Joseph Flowers,Individual,blevy@example.org,2025-07-31,MA
DNR-00764,Richard Williams,Individual,lewisdesiree@example.net,2023-12-05,NH
DNR-00765,Sheila Herrera,Individual,sandyjohnson@example.org,2025-07-21,NM
DNR-00766,Kaitlin Hardin,Individual,sanchezdeborah@example.org,2025-01-21,HI
DNR-00767,"Williams, Parker and Leon",Organization,lcarr@example.org,2024-02-18,GU
DNR-00768,  WILSON PLC  ,Organization,bryanharris@example.com,2024-07-16,AS
DNR-00769,Nancy Morales,Individual,daughertybarbara@example.org,2025-08-31,MD
DNR-00770,Duran PLC,Organization,matthewmartinez@example.org,2024-02-27,WV
DNR-00771,Michael Tran,Individual,lsanchez@example.org,2024-12-15,DC
DNR-00772,Moody Ltd,Organization,bstrickland@example.com,2024-09-12,CO
DNR-00773,Christopher Davis,Individual,robert72@example.org,2025-02-04,FL
DNR-00774,Kelly Jenkins,Individual,cheryljohnson@example.org,2026-04-01,VT
DNR-00775,Salazar-Miller,Organization,michael08@example.org,2024-04-03,ID
DNR-00776,Joseph Davis,Individual,michelle88@example.org,2026-01-11,NH
DNR-00777,Mary Hill,Individual,danielhernandez@example.com,2025-12-28,NM
DNR-00778,Michael Williams,Individual,justin64@example.com,2025-04-15,RI
DNR-00779,Olivia Williams,Individual,buckleygregory@example.org,2023-11-10,NM
DNR-00780,Andrea Young,Individual,uwatkins@example.com,2025-02-14,ID
DNR-00781,Stephanie Hall,Individual,nguyencorey@example.net,2024-05-18,MT
DNR-00782,Jaime Walker,Individual,drichards@example.com,2024-06-21,FL
DNR-00783,Leon Thompson,Individual,derek35@example.com,2024-10-02,ID
DNR-00784,Andrew Carroll,Individual,derek77@example.com,2024-08-15,GA
DNR-00785,Colleen Phillips,Individual,kristinelittle@example.net,2024-10-27,MH
DNR-00786,Lane PLC,Foundation/Trust,christophervincent@example.com,2023-08-23,VI
DNR-00787,Leslie Hood MD,Individual,pfitzgerald@example.org,2025-07-25,MD
DNR-00788,Daniel Pennington,Individual,robinvillanueva@example.com,2024-03-22,AZ
DNR-00789,John Mack,Individual,simmonsphillip@example.net,2023-12-24,GU
DNR-00790,Chavez and Sons,Foundation/Trust,hansenalexander@example.net,2025-09-23,MT
DNR-00791,Brandi Phillips,Individual,smithelizabeth@example.org,2026-03-07,VT
DNR-00792,Kelly Silva,Individual,iford@example.net,2025-10-16,MO
DNR-00793,Seth Sims,Individual,daltonchad@example.net,2023-11-29,MA
DNR-00794,Elizabeth Mullins,Individual,kristinmiller@example.com,2025-04-10,WA
DNR-00795,Kayla Kent,Individual,pamela16@example.com,2026-01-07,NH
DNR-00796,"Williams, Richardson and Wong",Organization,castrokim@example.org,2025-06-05,MA
DNR-00797,Fernandez Ltd,Foundation/Trust,wmclaughlin@example.net,2024-07-07,VI
DNR-00798,Christine Mcgee,Individual,lukehurst@example.net,2024-03-21,TX
DNR-00799,Anthony Watson,Individual,htucker@example.org,2023-10-22,NJ
DNR-00800,"Patel, Bryan and Lam",Foundation/Trust,zoliver@example.net,2024-05-09,UT
DNR-00801,Teresa Jones,Individual,zmiller@example.org,2024-05-27,LA
DNR-00802,Angela Martin,Individual,terrytyler@example.org,2024-10-04,NC
DNR-00803,Alison Butler,Individual,thomasfisher@example.net,2025-02-01,SD
DNR-00804,Colin Johnson,Individual,marystone@example.com,2024-11-25,MT
DNR-00805,Mary Buchanan,Individual,swatkins@example.net,2025-01-13,MP
DNR-00806,Judith Bradley,Individual,george43@example.com,2025-03-12,MN
DNR-00807,Carrillo-Williams,Foundation/Trust,justin29@example.org,2024-01-08,VT
DNR-00808,"Mitchell, Mcpherson and Franco",Foundation/Trust,evanwilson@example.com,2024-06-10,OK
DNR-00809,David Lopez,Individual,wadetiffany@example.org,2024-05-11,MN
DNR-00810,William Ferguson,Individual,knapprichard@example.com,2025-05-22,WI
DNR-00811,Gould LLC,Foundation/Trust,adamrodgers@example.net,2023-09-23,MA
DNR-00812,"Thornton, Wells and Roberts",Organization,laurenchandler@example.com,2023-08-28,MA
DNR-00813,Monique Mccullough,Individual,ericawilson@example.org,2024-12-24,MO
DNR-00814,"Randall, Griffin and Davis",Foundation/Trust,franklinjames@example.net,2025-10-31,IN
DNR-00815,Gonzalez-Miller,Organization,frhodes@example.net,2023-09-01,MO
DNR-00816,Evan Jacobs,Individual,kerrmichael@example.org,2025-02-13,VT
DNR-00817,Jaclyn Watson,Individual,michael47@example.net,2025-03-10,CO
DNR-00818,Stephen Figueroa,Individual,slara@example.org,2025-10-09,AS
DNR-00819,Stephanie Chandler,Individual,ltaylor@example.net,2023-11-27,CO
DNR-00820,Eric Mcneil,Individual,carl96@example.org,2024-05-19,AL
DNR-00821,Fowler-Nelson,Organization,angelapage@example.org,2026-03-18,ID
DNR-00822,James Spencer,Individual,carsonkevin@example.net,2025-05-27,ME
DNR-00823,Patrick Walker DDS,Individual,joseblanchard@example.net,2025-04-01,NJ
DNR-00824,Maxwell Roberts,Individual,traviswatts@example.org,2025-04-14,AK
DNR-00825,Donald Gamble,Individual,georgemichael@example.com,2025-06-07,OK
DNR-00826,Oneill-Burton,Foundation/Trust,hmccann@example.com,2024-03-24,NY
DNR-00827,Alicia Green,Individual,thomassteven@example.net,2024-02-03,DC
DNR-00828,Anthony Ward,Individual,brandon48@example.net,2026-02-10,CA
DNR-00829,Pamela White,Individual,georgegary@example.com,2026-01-06,VI
DNR-00830,Ryan Marsh,Individual,gina51@example.net,2024-01-15,OR
DNR-00831,Charles Taylor,Individual,nathan76@example.com,2025-08-25,PW
DNR-00832,Ashley Moore,Individual,mariepope@example.net,2025-11-03,RI
DNR-00833,Tiffany Mathis,Individual,butlersabrina@example.org,2024-05-23,GU
DNR-00834,Alan Bailey,Individual,don79@example.net,2025-04-01,WV
DNR-00835,Carrie Torres,Individual,walkermelissa@example.org,2024-05-22,UT
DNR-00836,Calvin Anderson,Individual,colemankathryn@example.org,2026-02-11,CA
DNR-00837,Hampton Group,Foundation/Trust,gonzalezantonio@example.net,2025-03-23,NY
DNR-00838,Julie Kerr,Individual,joneselizabeth@example.org,2024-01-01,WY
DNR-00839,Lance Matthews,Individual,jackbell@example.org,2026-05-01,FL
DNR-00840,Teresa Rush,Individual,michael89@example.org,2024-11-05,NY
DNR-00841,Annette Lane,Individual,ricejennifer@example.com,2025-06-22,GA
DNR-00842,Kimberly Beltran,Individual,glasssamantha@example.net,2025-01-27,NJ
DNR-00843,Kevin Gonzales,Individual,whitemichael@example.com,2026-02-18,NE
DNR-00844,Palmer Group,Foundation/Trust,juarezleon@example.com,2023-07-17,DE
DNR-00845,Kathleen Ward,Individual,angela01@example.com,2025-11-29,NM
DNR-00846,Drew Burke,Individual,gloria73@example.net,2024-12-23,MT
DNR-00847,Scott Lopez,Individual,jacobsonleah@example.net,2025-10-03,MN
DNR-00848,Smith Ltd,Foundation/Trust,zpowers@example.com,2025-09-28,NC
DNR-00849,Angela Thomas,Individual,gneal@example.net,2024-08-02,MH
DNR-00850,Amy Hester,Individual,james61@example.org,2025-02-11,MP
DNR-00851,Jonathan Hubbard,Individual,katelyn65@example.com,2026-04-28,TN
DNR-00852,Jennifer Washington,Individual,dylan71@example.org,2025-01-23,KS
DNR-00853,David Dunlap Jr.,Individual,greertyrone@example.org,2024-02-29,HI
DNR-00854,Jacobs-Murphy,Organization,christy11@example.net,2024-01-15,WV
DNR-00855,Katherine Owens,Individual,ebony78@example.com,2025-05-25,ND
DNR-00856,Scott Payne,Individual,ewingnicole@example.org,2025-07-18,MS
DNR-00857,Samuel Ramos,Individual,johnsonangela@example.com,2024-08-11,FM
DNR-00858,Katherine Taylor,Individual,hfreeman@example.net,2025-09-30,TX
DNR-00859,Juan Ryan MD,Individual,williammyers@example.com,2023-10-01,OR
DNR-00860,  LISA GOMEZ  ,Individual,luke09@example.org,2025-05-13,DC
DNR-00861,Bailey-Harmon,Organization,hubbardcolleen@example.com,2026-01-21,CT
DNR-00862,William Jenkins,Individual,stanleyjohn@example.net,2024-04-12,ME
DNR-00863,Susan Jones,Individual,danny20@example.net,2025-04-13,MD
DNR-00864,Matthew Henderson,Individual,sadams@example.com,2025-03-04,OR
DNR-00865,Eugene Hudson,Individual,ashley71@example.net,2026-03-30,TX
DNR-00866,Jonathan Cain,Individual,garrett45@example.com,2025-03-05,ID
DNR-00867,Ryan Cobb PhD,Individual,karlwilliams@example.net,2023-08-04,MO
DNR-00868,Lori Rubio,Individual,vargasjoshua@example.net,2024-02-10,AS
DNR-00869,"Alvarez, Clark and Flynn",Organization,william46@example.net,2025-03-22,ND
DNR-00870,Gonzalez-Morales,Foundation/Trust,jpowers@example.org,2023-08-24,FM
DNR-00871,Michael Huffman,Individual,vlewis@example.com,2024-12-25,KY
DNR-00872,Kim Mendez,Individual,umichael@example.net,2024-10-09,AR
DNR-00873,Helen Hernandez,Individual,juliecannon@example.com,2026-03-10,MT
DNR-00874,Ronald Brown,Individual,meghanadams@example.com,2025-08-17,SD
DNR-00875,Michael Young,Individual,daniellee@example.org,2024-11-08,AS
DNR-00876,  JULIE CASTRO  ,Individual,chenderson@example.org,2024-02-11,GA
DNR-00877,Allen Clarke,Individual,donna20@example.net,2025-12-20,NM
DNR-00878,Amy Mosley,Individual,carolyn16@example.com,2024-05-06,TN
DNR-00879,Ann Hahn,Individual,joelduncan@example.net,2024-08-21,DE
DNR-00880,Sandra Herring,Individual,tyler13@example.net,2026-02-20,DE
DNR-00881,Emily Collier,Individual,vshaffer@example.org,2023-11-05,NE
DNR-00882,Brian Lewis,Individual,scott49@example.org,2024-08-28,NM
DNR-00883,Melissa Rodriguez,Individual,pwells@example.com,2026-03-06,FM
DNR-00884,Brianna Alvarez,Individual,lori09@example.org,2025-04-03,MP
DNR-00885,"Bates, Everett and Vazquez",Organization,johnnycruz@example.net,2026-01-27,UT
DNR-00886,Robert Martinez,Individual,miaprice@example.com,2025-06-01,PW
DNR-00887,Brandon Carson,Individual,kennethvillarreal@example.org,2024-12-23,PW
DNR-00888,Evan Burnett,Individual,rmccormick@example.org,2024-07-28,GU
DNR-00889,Katherine Mclaughlin,Individual,jennifer12@example.net,2025-01-22,KS
DNR-00890,Heather Guzman,Individual,shawn00@example.net,2024-10-03,SD
DNR-00891,Jeremy Davidson,Individual,moralescourtney@example.com,2025-03-01,OK
DNR-00892,Rodriguez and Sons,Organization,melaniejennings@example.com,2024-08-28,NV
DNR-00893,Russo-Anderson,Organization,graceserrano@example.com,2026-03-28,ID
DNR-00894,Jacob Long,Individual,kduffy@example.org,2025-06-14,AK
DNR-00895,Tammy Holland,Individual,rebeccamccann@example.org,2025-01-11,KS
DNR-00896,Caroline Morales,Individual,jburke@example.org,2025-08-16,MN
DNR-00897,Keith Smith,Individual,dayala@example.net,2025-09-16,NM
DNR-00898,Walker and Sons,Organization,sophiali@example.com,2024-04-25,LA
DNR-00899,Janet Reynolds,Individual,carolcarney@example.com,2025-02-09,VA
DNR-00900,Jennifer Ortiz,Individual,anthonycherry@example.org,2023-12-09,RI
DNR-00901,David Aguilar,Individual,emiller@example.org,2025-12-22,VI
DNR-00902,Michael Mcdaniel,Individual,verickson@example.net,2026-03-08,KS
DNR-00903,Justin Williams,Individual,thomasgomez@example.net,2025-01-06,TN
DNR-00904,Linda Goodman,Individual,smithwilliam@example.com,2025-01-07,ME
DNR-00905,Megan Anderson,Individual,carpenterjorge@example.net,2024-11-02,NM
DNR-00906,Humphrey-Anderson,Organization,jennifer62@example.com,2024-10-05,DE
DNR-00907,Williams-Anderson,Organization,julie64@example.com,2023-10-16,RI
DNR-00908,Tammy Black,Individual,ustafford@example.net,2025-05-07,NM
DNR-00909,Brittany Farrell,Individual,jbrown@example.org,2024-01-22,IN
DNR-00910,John Martin,Individual,fgraham@example.org,2024-04-07,NV
DNR-00911,  MICHAEL WASHINGTON  ,Individual,urodriguez@example.org,2024-05-19,DE
DNR-00912,Dalton Mitchell,Individual,karencarson@example.net,2026-03-01,MH
DNR-00913,Christy Bolton,Individual,foxashley@example.com,2024-08-12,PW
DNR-00914,Randy Rhodes,Individual,anthony16@example.com,2025-02-08,OR
DNR-00915,Ashley Morris,Individual,millermariah@example.net,2023-10-30,NJ
DNR-00916,Tyler Wheeler,Individual,riverabradley@example.net,2023-12-31,NV
DNR-00917,Nicholas Navarro,Individual,jasonwilliams@example.net,2024-10-18,LA
DNR-00918,Yates-Manning,Foundation/Trust,qdavis@example.org,2023-09-15,IA
DNR-00919,Davis-Phelps,Organization,paulpowell@example.net,2024-06-23,WV
DNR-00920,Brittany Evans,Individual,tfitzgerald@example.net,2024-06-25,PA
DNR-00921,Howard Inc,Organization,william77@example.com,2023-09-13,NJ
DNR-00922,Kyle Davis,Individual,nshepherd@example.org,2025-09-21,NE
DNR-00923,"Simmons, Williams and Peterson",Organization,prhodes@example.net,2024-07-16,VT
DNR-00924,Arias PLC,Organization,robertssamuel@example.com,2025-02-12,ME
DNR-00925,Carl Leach,Individual,alexandraphillips@example.org,2023-07-19,OH
DNR-00926,Andrew Rodriguez,Individual,dgutierrez@example.net,2024-02-05,VA
DNR-00927,Dawn Scott,Individual,mackallen@example.net,2025-05-17,TN
DNR-00928,Richard Cameron,Individual,millernancy@example.com,2026-04-07,MD
DNR-00929,Jordan Santiago,Individual,matthew23@example.org,2024-03-31,CO
DNR-00930,Lindsey Savage,Individual,hamiltonandrew@example.com,2026-02-13,DE
DNR-00931,Matthew Stevens,Individual,vmelton@example.net,2024-02-16,VA
DNR-00932,Turner-Li,Organization,hannah64@example.org,2026-01-25,DC
DNR-00933,Smith Inc,Foundation/Trust,hortonjacob@example.org,2024-07-16,IL
DNR-00934,  MR. DAVID WILKINSON  ,Individual,christophercarrillo@example.org,2025-05-21,NJ
DNR-00935,Bruce Barrera,Individual,emaynard@example.org,2024-07-30,VI
DNR-00936,David Phillips,Individual,awilliams@example.org,2025-10-08,SC
DNR-00937,Jessica Perry,Individual,mmclaughlin@example.net,2025-05-02,OH
DNR-00938,Johnson-Ross,Foundation/Trust,dhall@example.net,2024-01-12,AK
DNR-00939,Ethan Brown,Individual,hsmall@example.com,2024-04-13,RI
DNR-00940,Hannah Terry,Individual,martinjessica@example.com,2024-11-20,MI
DNR-00941,  JORDAN MATTHEWS  ,Individual,sandra72@example.com,2025-08-24,VA
DNR-00942,Toni Whitaker,Individual,laura29@example.org,2024-12-28,LA
DNR-00943,Angelica Webb,Individual,jamesobrien@example.org,2025-03-10,WY
DNR-00944,Hahn-Snyder,Organization,jasonwilliams@example.org,2023-07-24,MI
DNR-00945,Heather Moore,Individual,romanmatthew@example.org,2025-07-06,RI
DNR-00946,Justin Tucker,Individual,kristen08@example.com,2023-11-05,MH
DNR-00947,Michael Robertson,Individual,mccarthysara@example.com,2026-02-08,AS
DNR-00948,Estes-Campos,Foundation/Trust,harringtonchelsea@example.org,2025-10-08,GU
DNR-00949,"Williams, Garcia and Soto",Organization,rhondamoore@example.com,2025-03-28,VT
DNR-00950,Jonathan Oconnor,Individual,mooremichael@example.org,2025-02-24,DE
DNR-00951,Jessica Perry,Individual,sanchezlisa@example.com,2024-09-25,LA
DNR-00952,Angela Watson,Individual,qward@example.org,2024-03-30,FL
DNR-00953,Kendra Cobb,Individual,lauriegutierrez@example.com,2026-01-17,MH
DNR-00954,Crane-Black,Foundation/Trust,sherry72@example.org,2025-08-04,VT
DNR-00955,Terri Miller,Individual,richard26@example.org,2026-02-19,MO
DNR-00956,Mary May,Individual,levinetina@example.net,2024-09-20,FM
DNR-00957,Elizabeth Morales,Individual,jennifer55@example.org,2023-12-15,GU
DNR-00958,Joseph Knapp,Individual,ngriffin@example.net,2025-07-10,RI
DNR-00959,Marissa Terry,Individual,trowe@example.org,2024-02-15,AZ
DNR-00960,Jean Higgins,Individual,abigailfernandez@example.org,2026-05-01,CO
DNR-00961,Emily Peterson,Individual,andrewzamora@example.net,2024-05-02,OR
DNR-00962,Ronnie Torres,Individual,hbenitez@example.net,2025-12-21,AR
DNR-00963,Debbie Romero,Individual,williamsdebra@example.org,2024-08-24,NV
DNR-00964,Norman Chavez,Individual,lindazhang@example.net,2026-03-28,VT
DNR-00965,Lori Ferguson,Individual,michaelmitchell@example.net,2025-12-29,OK
DNR-00966,Michelle Stone,Individual,danielblack@example.org,2026-01-14,GU
DNR-00967,Jordan Thomas,Individual,fpoole@example.org,2025-10-28,AR
DNR-00968,Carlos Lewis,Individual,woodalicia@example.net,2023-10-27,OH
DNR-00969,Jennifer Baker,Individual,cfields@example.net,2025-03-23,NM
DNR-00970,Jennifer Martin,Individual,toddellis@example.net,2025-09-18,NY
DNR-00971,Bailey Lewis,Individual,kjohnson@example.net,2023-07-07,MN
DNR-00972,Guzman Group,Foundation/Trust,martinezashley@example.org,2023-11-27,NC
DNR-00973,Jacob Ritter,Individual,kelly02@example.org,2025-06-05,WY
DNR-00974,Amber Shannon,Individual,jason70@example.org,2023-11-01,OH
DNR-00975,Seth Butler,Individual,ariel56@example.com,2023-11-19,MP
DNR-00976,Lisa Gill,Individual,qgill@example.com,2026-02-21,FL
DNR-00977,  ERIKA MARSH  ,Individual,zhughes@example.com,2025-10-15,ND
DNR-00978,Michael Ramos,Individual,debbie20@example.net,2024-04-03,SC
DNR-00979,Michelle Hoffman,Individual,schneiderchristopher@example.net,2025-11-07,ND
DNR-00980,Amy Hudson,Individual,karenshaw@example.org,2025-08-22,DE
DNR-00981,Kim Rivers,Individual,kristin39@example.com,2025-08-12,CO
DNR-00982,"Lawson, Morales and Williams",Organization,morganhenry@example.org,2024-03-29,VI
DNR-00983,Janet Davis,Individual,weaverjustin@example.org,2025-06-12,KS
DNR-00984,Brittany Farley,Individual,brianwoodward@example.org,2025-09-12,AK
DNR-00985,Elizabeth Garcia,Individual,robertnguyen@example.com,2024-09-29,GU
DNR-00986,Amber Allen,Individual,trevorgoodwin@example.com,2023-08-16,DE
DNR-00987,Fernando Tran,Individual,washingtonrick@example.org,2026-02-03,PW
DNR-00988,Debra Richmond,Individual,sanchezangela@example.org,2025-11-15,ME
DNR-00989,Jill Mathis,Individual,kristathomas@example.net,2024-10-13,GA
DNR-00990,Medina Group,Organization,dwilliams@example.net,2025-06-08,LA
DNR-00991,"Stanton, Smith and Mahoney",Organization,qnelson@example.net,2024-07-21,MS
DNR-00992,Dr. Christy Pittman MD,Individual,jocelynhart@example.com,2024-02-17,CO
DNR-00993,  BRYCE TAYLOR  ,Individual,natalie39@example.net,2025-11-05,AS
DNR-00994,Michael Cooper,Individual,tiffany74@example.org,2023-08-02,TN
DNR-00995,Mrs. Julia Greene,Individual,sloandennis@example.org,2023-11-15,PA
DNR-00996,Steven Chambers,Individual,speters@example.net,2023-09-07,NM
DNR-00997,Medina-Cobb,Foundation/Trust,ryanpatricia@example.net,2023-10-08,NV
DNR-00998,Heather Hess,Individual,paul01@example.com,2023-09-29,MN
DNR-00999,Wallace and Sons,Foundation/Trust,changerin@example.net,2024-10-22,MI
DNR-01000,Robert Garrett,Individual,jimsnyder@example.com,2023-10-24,AZ
DNR-01001,Tanner Mann,Individual,adrianjoyce@example.net,2025-02-12,MO
DNR-01002,Donald Mason,Individual,andreakeller@example.net,2025-04-14,TX
DNR-01003,"Morrison, Thompson and Chapman",Organization,andersonsarah@example.org,2025-04-17,FM
DNR-01004,Rachael Lee,Individual,braunheather@example.net,2024-04-19,RI
DNR-01005,Becker-Ware,Organization,pacedanielle@example.net,2024-09-25,AR
DNR-01006,Erica Richard,Individual,rhill@example.net,2025-01-14,NH
DNR-01007,Joseph Williams DDS,Individual,ramirezrobert@example.com,2024-06-23,MD
DNR-01008,Myers LLC,Organization,beardlindsey@example.net,2025-11-21,IN
DNR-01009,Jessica Jones,Individual,jamesmurphy@example.org,2023-10-05,SC
DNR-01010,Alyssa Reynolds,Individual,watkinsconnie@example.com,2025-08-19,MP
DNR-01011,Brian Allen,Individual,marissa58@example.org,2025-04-13,CA
DNR-01012,"Harvey, Duran and Garrett",Foundation/Trust,millerbruce@example.org,2025-10-14,MS
DNR-01013,Wu-Steele,Foundation/Trust,bryanlang@example.org,2025-08-09,ME
DNR-01014,Jessica Garcia,Individual,hansenkenneth@example.com,2026-02-24,MO
DNR-01015,Paul Hall,Individual,chavezsteven@example.com,2024-10-04,FM
DNR-01016,"Harvey, Morgan and Pace",Foundation/Trust,gibsonmark@example.org,2024-04-21,CT
DNR-01017,Kurt Jones,Individual,rebeccamartinez@example.net,2023-10-27,KS
DNR-01018,John Oliver,Individual,johnrobles@example.org,2025-10-31,DC
DNR-01019,Silva-Palmer,Foundation/Trust,larry82@example.org,2024-03-31,NJ
DNR-01020,Grant Wood,Individual,holmesdiane@example.org,2024-12-04,AR
DNR-01021,Robert Hansen,Individual,hendersonjames@example.org,2023-12-09,SC
DNR-01022,Rachel Peterson,Individual,dneal@example.net,2025-07-29,UT
DNR-01023,Christian-Knight,Foundation/Trust,christina65@example.org,2024-07-25,CT
DNR-01024,Walter-Lozano,Foundation/Trust,arobinson@example.net,2025-08-11,IN
DNR-01025,"Hall, Hanson and Allen",Foundation/Trust,lindsay63@example.com,2023-09-19,HI
DNR-01026,Adriana Smith,Individual,anthony12@example.com,2024-07-20,NV
DNR-01027,Welch LLC,Organization,hesterjames@example.com,2024-09-17,HI
DNR-01028,Mcclure Ltd,Organization,matthewspencer@example.org,2025-05-12,ID
DNR-01029,Ryan Lozano,Individual,deckerderrick@example.net,2023-08-01,WY
DNR-01030,Morgan and Sons,Organization,stephen55@example.net,2024-07-24,GA
DNR-01031,Vanessa Cuevas,Individual,ejohns@example.org,2024-02-26,FL
DNR-01032,Bianca Lopez,Individual,ubenson@example.net,2026-03-07,NE
DNR-01033,Dana Williams,Individual,melissaphillips@example.org,2024-08-22,MD
DNR-01034,Mark Ramirez,Individual,melissaschmitt@example.com,2024-11-02,IL
DNR-01035,Rachel Gibbs,Individual,jacksonpaul@example.net,2025-01-30,WV
DNR-01036,Kathleen Marshall,Individual,jennifer87@example.net,2025-07-05,NM
DNR-01037,Kevin Little,Individual,clarkpatricia@example.com,2025-07-06,VI
DNR-01038,Daniel Coleman,Individual,xduncan@example.com,2026-04-14,OH
DNR-01039,Paul Phillips,Individual,jerry07@example.net,2026-02-16,RI
DNR-01040,Jerry Reynolds,Individual,linda54@example.com,2025-04-16,AK
DNR-01041,David Brewer,Individual,rachel48@example.net,2025-07-29,ND
DNR-01042,"Miller, Hill and Perez",Organization,jonesbenjamin@example.org,2023-10-02,MA
DNR-01043,Gary Turner,Individual,james92@example.net,2024-09-26,WA
DNR-01044,Debbie Carrillo,Individual,lynn66@example.net,2023-08-03,WV
DNR-01045,"Smith, Valdez and Hays",Organization,michelleperez@example.net,2025-11-02,WA
DNR-01046,David Matthews,Individual,dsharp@example.com,2024-08-05,WY
DNR-01047,Ryan Patterson,Individual,cclark@example.net,2025-08-16,AK
DNR-01048,Kenneth Anderson,Individual,porterdonna@example.com,2024-11-15,MA
DNR-01049,Barnes Ltd,Organization,sfarmer@example.net,2025-05-22,ME
DNR-01050,Alexander Floyd,Individual,ericcisneros@example.com,2026-03-27,OK
DNR-01051,"Lloyd, Mcintyre and Berry",Organization,nbaird@example.com,2026-03-31,CA
DNR-01052,Chelsea Rodriguez,Individual,tfowler@example.org,2025-06-21,GA
DNR-01053,Leonard and Sons,Foundation/Trust,serranocarrie@example.org,2026-03-27,HI
DNR-01054,Jones Group,Organization,jamie48@example.org,2023-10-29,NH
DNR-01055,Wood Inc,Foundation/Trust,markbrowning@example.com,2023-11-30,GA
DNR-01056,Betty Barnes PhD,Individual,nfriedman@example.org,2023-10-08,VI
DNR-01057,Collins Ltd,Organization,kmoore@example.com,2025-10-22,OR
DNR-01058,Mitchell Stevens,Individual,adrianthomas@example.org,2024-10-16,GU
DNR-01059,Robert Fox,Individual,kstevens@example.org,2024-05-05,WA
DNR-01060,  MATTHEW ELLISON  ,Individual,isabella46@example.net,2026-05-01,GU
DNR-01061,Perry and Sons,Organization,qellis@example.org,2023-11-01,UT
DNR-01062,"Davis, Hale and Williams",Foundation/Trust,joshuafuller@example.com,2026-03-16,TN
DNR-01063,Wolfe Ltd,Organization,reginajenkins@example.net,2023-08-02,DE
DNR-01064,  ANGELA GARCIA PHD  ,Individual,robert24@example.org,2025-10-20,NY
DNR-01065,  ALEXANDER FOWLER  ,Individual,vjames@example.com,2025-01-13,PR
DNR-01066,Andrew King,Individual,markgoodman@example.com,2025-02-07,NH
DNR-01067,  JOSHUA ALLEN  ,Individual,rtaylor@example.org,2025-11-28,GA
DNR-01068,Lisa Thompson,Individual,nicholspeter@example.org,2024-07-02,TN
DNR-01069,Megan Hernandez,Individual,gregory08@example.org,2024-01-14,NV
DNR-01070,Sara Cain,Individual,myerskyle@example.org,2024-11-05,PA
DNR-01071,Raymond Wang,Individual,nicholasallen@example.org,2024-11-28,AK
DNR-01072,William Rogers,Individual,erinbrown@example.org,2024-12-29,AS
DNR-01073,Mary Ramsey,Individual,perrydaniel@example.com,2023-12-09,MD
DNR-01074,Chelsey Clark,Individual,hmcmillan@example.org,2025-10-09,IL
DNR-01075,Kelly and Sons,Foundation/Trust,moralesleslie@example.com,2024-11-10,IL
DNR-01076,Austin Briggs,Individual,bradley36@example.com,2024-10-05,WI
DNR-01077,Victoria Garcia,Individual,johnathandavis@example.com,2023-12-13,SC
DNR-01078,Megan Compton,Individual,martinreid@example.net,2023-09-03,MD
DNR-01079,Mary Jones,Individual,franklinbrenda@example.com,2025-08-15,NY
DNR-01080,"Harmon, Gordon and Bush",Foundation/Trust,hallchristina@example.org,2026-03-01,ME
DNR-01081,Rojas and Sons,Organization,brownnicholas@example.com,2023-07-20,ID
DNR-01082,Dan Johnson,Individual,vstevenson@example.org,2023-12-17,KY
DNR-01083,Richard Williams,Individual,swong@example.org,2025-12-05,IN
DNR-01084,"Rivera, Allen and Ryan",Organization,lauriehorton@example.org,2025-05-09,PA
DNR-01085,Boyd-White,Foundation/Trust,browntravis@example.org,2024-01-12,AR
DNR-01086,Brenda Harris,Individual,thompsonana@example.org,2023-09-26,IA
DNR-01087,Jessica Mcdonald,Individual,jennifersanchez@example.org,2026-02-28,PA
DNR-01088,Dustin West,Individual,josephharrington@example.org,2023-11-30,MN
DNR-01089,Gray-Ruiz,Foundation/Trust,vwagner@example.com,2025-01-25,WV
DNR-01090,Troy Olson,Individual,fsimmons@example.com,2023-09-06,PA
DNR-01091,"Hernandez, Barber and Scott",Foundation/Trust,storres@example.com,2025-04-05,OH
DNR-01092,  ANDREA TAYLOR  ,Individual,mgonzalez@example.org,2024-08-28,AL
DNR-01093,Monica Brooks,Individual,zfrost@example.net,2025-09-23,MN
DNR-01094,Eric Archer,Individual,ortizbenjamin@example.org,2025-03-04,MS
DNR-01095,Carla Hines,Individual,kelsey58@example.net,2024-11-04,NM
DNR-01096,Isabel Brown,Individual,vhouse@example.org,2025-09-04,IA
DNR-01097,Thomas Ward,Individual,terrydeanna@example.com,2025-05-10,PA
DNR-01098,Michael King,Individual,alexanderwise@example.net,2024-04-12,VT
DNR-01099,Sanders-Willis,Organization,stonejacob@example.com,2023-12-08,GA
DNR-01100,Dawn Turner,Individual,uwillis@example.com,2025-06-08,WV
DNR-01101,Monica Davis,Individual,lisa43@example.net,2025-12-12,MO
DNR-01102,"Parker, Benitez and Velasquez",Foundation/Trust,daviskim@example.com,2023-12-03,NC
DNR-01103,Pena-Quinn,Organization,gregorylopez@example.org,2025-09-20,ID
DNR-01104,White-Fry,Foundation/Trust,nbradley@example.org,2025-04-29,ID
DNR-01105,  BRADY AND SONS  ,Foundation/Trust,tonya67@example.net,2025-01-10,PW
DNR-01106,Sheena Martin,Individual,christopher14@example.org,2026-01-08,MA
DNR-01107,David Washington,Individual,smithjoseph@example.org,2025-06-28,TN
DNR-01108,"Mccormick, Williams and Clark",Organization,bennettabigail@example.com,2025-08-07,NM
DNR-01109,George Jordan,Individual,evelyn55@example.org,2025-08-17,MN
DNR-01110,Jamie Brown,Individual,morgan10@example.com,2025-02-24,VI
DNR-01111,"Morales, Houston and Buckley",Organization,guzmanmisty@example.com,2023-11-28,UT
DNR-01112,Danielle Hayes,Individual,qrobertson@example.org,2024-05-11,AL
DNR-01113,Dr. Robin Smith,Individual,morgan57@example.org,2024-05-11,PA
DNR-01114,Dr. Robert Bailey,Individual,shatfield@example.org,2025-04-09,VA
DNR-01115,Lawrence Joseph,Individual,andersonlaura@example.com,2024-01-04,MP
DNR-01116,  KIMBERLY BAXTER  ,Individual,peggyfriedman@example.com,2025-03-23,TN
DNR-01117,Dana Jackson,Individual,garciavictoria@example.org,2025-01-03,GA
DNR-01118,Orr-Miranda,Organization,jenniferwade@example.net,2023-12-26,DE
DNR-01119,Tammy Schultz,Individual,sdavis@example.com,2026-01-05,VI
DNR-01120,Kenneth Bradshaw,Individual,schneidernicholas@example.net,2025-10-13,WA
DNR-01121,"Hardy, Valdez and Glover",Organization,ostokes@example.com,2023-12-31,DE
DNR-01122,Miller-Davis,Foundation/Trust,juliewilson@example.com,2024-01-07,DC
DNR-01123,Finley-Ray,Organization,collinsbrittany@example.org,2025-04-25,PR
DNR-01124,Whitney-Flores,Organization,lauren28@example.net,2023-07-26,PA
DNR-01125,Ashley Smith,Individual,sstewart@example.org,2025-09-02,NM
DNR-01126,Brittany Campbell,Individual,georgekyle@example.net,2024-11-09,DE
DNR-01127,Ryan Berry,Individual,troypadilla@example.com,2024-06-12,AR
DNR-01128,Mrs. Samantha Clark,Individual,isabellawilliams@example.org,2024-06-12,PR
DNR-01129,Mr. William Hopkins,Individual,vickiekelley@example.com,2025-03-08,NE
DNR-01130,Wanda Todd,Individual,ujones@example.com,2024-04-24,LA
DNR-01131,Chloe Chase,Individual,udavis@example.net,2025-12-07,VI
DNR-01132,Sarah Mckinney,Individual,kpena@example.org,2025-03-05,NV
DNR-01133,Doris Thomas,Individual,lindagonzalez@example.net,2023-12-05,AL
DNR-01134,Scott Garcia,Individual,nicholasmcgrath@example.net,2024-11-17,MP
DNR-01135,Anthony Kelly,Individual,dwhite@example.org,2026-04-11,NY
DNR-01136,Leslie Booker,Individual,hsanchez@example.org,2024-08-04,MO
DNR-01137,Turner-Carlson,Organization,denisebennett@example.net,2024-04-03,WY
DNR-01138,Ann Ford,Individual,phill@example.com,2025-09-18,MN
DNR-01139,Bruce Martinez,Individual,andrewberry@example.net,2025-08-17,NJ
DNR-01140,Patrick Bauer,Individual,patrickcooke@example.net,2025-05-05,NE
DNR-01141,Duncan-Garcia,Organization,reevesmichelle@example.net,2025-11-28,HI
DNR-01142,Michael Long,Individual,lbrown@example.net,2024-04-04,VT
DNR-01143,Marissa Molina,Individual,tammymerritt@example.org,2024-08-15,VI
DNR-01144,Catherine Peters,Individual,david29@example.org,2024-06-28,SD
DNR-01145,Justin York,Individual,millerdavid@example.com,2025-04-14,MN
DNR-01146,"Jackson, Rowland and Barrett",Organization,kevinshah@example.net,2026-04-01,MH
DNR-01147,Hopkins-Wallace,Organization,hneal@example.com,2024-11-08,PA
DNR-01148,Christine Garcia,Individual,youngjacob@example.com,2025-01-25,PR
DNR-01149,Bernard PLC,Organization,brittanyramirez@example.net,2025-09-12,RI
DNR-01150,Jones-Scott,Organization,ksantos@example.com,2024-08-13,NH
DNR-01151,David Coleman,Individual,amandajones@example.net,2024-07-03,KY
DNR-01152,"Terry, Lee and Watson",Organization,roberthernandez@example.com,2023-08-25,MS
DNR-01153,Larry Jones,Individual,schmidtgabriella@example.com,2026-01-31,CA
DNR-01154,Brandon Blankenship,Individual,dustin34@example.org,2024-09-02,CT
DNR-01155,Wayne Gray,Individual,pattondavid@example.net,2025-02-16,VA
DNR-01156,Chapman-Roman,Organization,ricejackie@example.com,2023-11-19,OH
DNR-01157,Brett Williams,Individual,stacey62@example.com,2025-10-15,AS
DNR-01158,"Byrd, Kramer and Arnold",Organization,iwoods@example.com,2024-04-11,AL
DNR-01159,"Palmer, Moore and Martinez",Organization,rbradley@example.org,2024-11-07,PW
DNR-01160,Vanessa Zimmerman,Individual,erikabarnes@example.com,2024-05-11,HI
DNR-01161,Andersen-Lindsey,Organization,joshua68@example.net,2025-08-11,FM
DNR-01162,Crystal Reid,Individual,mezarichard@example.com,2026-03-08,PR
DNR-01163,Bobby Blair,Individual,martinbrian@example.net,2025-11-03,LA
DNR-01164,Katherine Baxter,Individual,urhodes@example.org,2025-07-06,NJ
DNR-01165,Mr. Michael Patel Jr.,Individual,jensenrhonda@example.net,2023-12-22,AL
DNR-01166,"Coleman, Ferguson and Reed",Organization,lawsontami@example.net,2024-11-20,FM
DNR-01167,"Mckee, Thompson and Richardson",Organization,williefarley@example.com,2025-06-27,NM
DNR-01168,James Wilson,Individual,marierosales@example.org,2023-09-29,LA
DNR-01169,Edward Lewis,Individual,trobinson@example.net,2025-09-26,NY
DNR-01170,Amanda Ford,Individual,abrown@example.net,2025-05-10,NH
DNR-01171,Hector Smith,Individual,richardsmith@example.com,2025-11-28,NM
DNR-01172,Miller PLC,Foundation/Trust,robertgentry@example.org,2024-01-18,FL
DNR-01173,Danielle Ruiz,Individual,kevin62@example.net,2024-09-25,AS
DNR-01174,William Douglas,Individual,wmartin@example.net,2025-09-09,NE
DNR-01175,Stephen Fletcher,Individual,lopezbilly@example.com,2026-04-20,MT
DNR-01176,Stephanie Martin,Individual,stacymoyer@example.com,2023-08-20,DE
DNR-01177,Burns-Simpson,Organization,markduran@example.com,2025-02-25,NY
DNR-01178,Natalie Petersen,Individual,danielrodriguez@example.org,2023-12-23,DC
DNR-01179,Cooper Inc,Organization,brettgallegos@example.com,2024-04-16,PA
DNR-01180,Jessica Roberts,Individual,bmiller@example.org,2025-06-02,RI
DNR-01181,Daniel and Sons,Foundation/Trust,juanwilson@example.com,2024-08-27,UT
DNR-01182,Robert Gonzalez,Individual,hayneswayne@example.org,2025-06-13,ID
DNR-01183,Leslie Walters MD,Individual,richardhill@example.org,2025-12-14,FL
DNR-01184,Smith-Gonzalez,Foundation/Trust,jamesalicia@example.net,2026-01-12,SC
DNR-01185,Courtney Simmons,Individual,hicksdawn@example.com,2025-03-06,DE
DNR-01186,Cox-Hahn,Foundation/Trust,dwright@example.org,2024-02-21,AZ
DNR-01187,  MATTHEW MORRIS  ,Individual,thomas91@example.com,2025-06-02,HI
DNR-01188,John Cook,Individual,davisalexander@example.net,2024-06-01,WI
DNR-01189,Erin Figueroa,Individual,julia98@example.net,2024-11-11,MN
DNR-01190,Donald Silva,Individual,eatondavid@example.net,2024-05-23,PA
DNR-01191,Kevin Barr,Individual,jamesgriffin@example.org,2025-11-20,CA
DNR-01192,Lisa Turner,Individual,mmayo@example.net,2024-10-17,VA
DNR-01193,Carl Barnes,Individual,patricia85@example.com,2024-07-12,NV
DNR-01194,Autumn Graham,Individual,gbarnes@example.org,2025-12-02,GA
DNR-01195,Melissa Anderson,Individual,sosabruce@example.net,2024-08-08,ID
DNR-01196,"Olsen, Simpson and Patel",Organization,martinkaren@example.com,2025-11-26,OH
DNR-01197,Morales-Nelson,Foundation/Trust,adamarmstrong@example.net,2024-09-12,UT
DNR-01198,Suarez PLC,Foundation/Trust,ugordon@example.net,2023-11-06,KS
DNR-01199,Daniel Erickson,Individual,jacksonbrandon@example.org,2024-07-17,LA
DNR-01200,Charles Stephenson,Individual,josephgibbs@example.net,2024-08-07,IA
DNR-DUP000,anna may,Individual,crossbarbara@example.org,2023-11-04,WI
DNR-DUP001,edwin richardson,Individual,wwilkins@example.com,2024-03-12,MP
DNR-DUP002,mark ramirez,Individual,melissaschmitt@example.com,2024-11-02,IL
DNR-DUP003,gabriela thomas,Individual,mitchellmaria@example.net,2025-03-07,MP
DNR-DUP004,"rivera, allen and ryan",Organization,lauriehorton@example.org,2025-05-09,PA
DNR-DUP005,frank campbell,Individual,wferguson@example.com,2024-02-02,KS
DNR-DUP006,stephen figueroa,Individual,slara@example.org,2025-10-09,AS
DNR-DUP007,ramirez-hartman,Organization,daniel93@example.net,2026-03-18,ND
DNR-DUP008,arthur wood jr.,Individual,aprilmoody@example.com,2023-12-13,NJ
DNR-DUP009,john martin,Individual,antonioduran@example.org,2023-09-16,KY
DNR-DUP010,sarah hernandez,Individual,anthonyvaughan@example.org,2025-08-18,ID
DNR-DUP011,jasmine watson,Individual,umatthews@example.org,2023-07-17,FM
DNR-DUP012,justin delgado,Individual,acohen@example.net,2025-08-18,MP
DNR-DUP013,jonathan young,Individual,brooksanthony@example.org,2024-03-12,MP
DNR-DUP014,lance matthews,Individual,jackbell@example.org,2026-05-01,FL
