pledge_id,donor_id,fund_id,pledge_date,pledged_amount,paid_amount,status
PLG-00001,DNR-01075,FND-008,2025-02-06,79.52,45.09,Active
PLG-00002,DNR-00287,FND-004,2025-02-11,333.61,286.41,Active
PLG-00003,DNR-00619,FND-005,2025-09-08,2880.84,2113.88,Active
PLG-00004,DNR-00869,FND-004,2024-09-20,1983.34,1802.06,Active
PLG-00005,DNR-00227,FND-002,2026-01-22,1121.53,225.07,Active
PLG-00006,DNR-00611,FND-003,2024-01-26,424.71,226.32,Active
PLG-00007,DNR-00465,FND-002,2025-09-20,275.39,137.61,Active
PLG-00008,DNR-00425,FND-007,2024-12-18,368.26,365.42,Active
PLG-00009,DNR-00796,FND-006,2025-08-11,3127.56,1824.49,Active
PLG-00010,DNR-DUP014,FND-008,2023-08-14,354.8,223.85,Active
PLG-00011,DNR-00474,FND-001,2023-08-27,736.14,274.7,Active
PLG-00012,DNR-00467,FND-007,2024-10-07,313.03,132.3,Active
PLG-00013,DNR-00706,FND-003,2024-04-22,1544.99,1161.95,Active
PLG-00014,DNR-00233,FND-003,2026-03-15,388.1,319.63,Active
PLG-00015,DNR-00457,FND-005,2023-11-09,603.29,571.94,Active
PLG-00016,DNR-00773,FND-003,2024-01-09,123.55,29.03,Active
PLG-00017,DNR-00263,FND-003,2025-01-26,132.51,35.19,Active
PLG-00018,DNR-00042,FND-002,2024-02-19,670.27,391.34,Active
PLG-00019,DNR-00821,FND-001,2026-03-10,176.77,98.48,Active
PLG-00020,DNR-01067,FND-005,2026-03-04,5459.36,2553.52,Active
PLG-00021,DNR-00920,FND-001,2025-04-07,84.65,77.5,Active
PLG-00022,DNR-00219,FND-008,2024-03-11,298.82,98.31,Active
PLG-00023,DNR-00839,FND-006,2025-11-02,676.34,194.99,Active
PLG-00024,DNR-01133,FND-002,2023-07-20,461.68,223.8,Active
PLG-00025,DNR-00642,FND-007,2024-11-10,220.49,120.42,Active
PLG-00026,DNR-00193,FND-003,2026-01-30,255.21,70.38,Active
PLG-00027,DNR-00722,FND-008,2024-06-29,246.99,243.25,Active
PLG-00028,DNR-00212,FND-007,2025-03-16,499.34,397.41,Active
PLG-00029,DNR-01149,FND-002,2023-12-29,4684.1,3218.17,Active
PLG-00030,DNR-01077,FND-001,2025-09-10,719.05,473.97,Active
PLG-00031,DNR-00097,FND-002,2024-08-28,2170.91,1355.34,Active
PLG-00032,DNR-00158,FND-007,2026-04-07,1104.31,788.92,Active
PLG-00033,DNR-00352,FND-002,2025-09-04,2026.09,969.38,Active
PLG-00034,DNR-00399,FND-007,2024-03-03,40.45,15.27,Active
PLG-00035,DNR-00963,FND-006,2024-12-30,490.56,412.98,Active
PLG-00036,DNR-00093,FND-005,2023-10-24,2458.08,1629.01,Active
PLG-00037,DNR-00732,FND-005,2025-07-30,375.5,148.0,Active
PLG-00038,DNR-00461,FND-006,2025-11-09,3875.67,2374.66,Active
PLG-00039,DNR-00481,FND-002,2024-05-09,2933.32,2707.58,Active
PLG-00040,DNR-00447,FND-003,2024-04-23,416.08,243.6,Active
PLG-00041,DNR-00701,FND-002,2025-12-13,402.15,373.44,Active
PLG-00042,DNR-00378,FND-006,2023-11-14,241.39,204.45,Active
PLG-00043,DNR-00521,FND-008,2025-11-09,354.39,249.31,Active
PLG-00044,DNR-00218,FND-003,2024-07-19,193.91,178.09,Active
PLG-00045,DNR-01111,FND-007,2024-10-20,1021.28,535.82,Active
PLG-00046,DNR-00529,FND-002,2024-08-29,155.08,101.91,Active
PLG-00047,DNR-00652,FND-004,2024-01-09,1216.5,947.24,Active
PLG-00048,DNR-00108,FND-004,2023-07-18,1246.48,562.36,Active
PLG-00049,DNR-00820,FND-006,2023-10-03,126.32,115.68,Active
PLG-00050,DNR-00627,FND-006,2026-02-06,3133.23,2257.46,Active
PLG-00051,DNR-00066,FND-003,2024-02-06,1111.66,342.93,Active
PLG-00052,DNR-00386,FND-006,2024-01-07,1407.68,800.58,Active
PLG-00053,DNR-00137,FND-004,2024-09-14,311.48,166.59,Active
PLG-00054,DNR-00879,FND-008,2023-08-28,1239.4,1202.7,Active
PLG-00055,DNR-00981,FND-004,2025-02-21,2051.64,1195.23,Active
PLG-00056,DNR-00370,FND-005,2024-03-28,602.68,590.44,Active
PLG-00057,DNR-00554,FND-002,2026-06-10,4924.23,3547.24,Active
PLG-00058,DNR-00471,FND-001,2025-10-21,695.11,628.13,Active
PLG-00059,DNR-00481,FND-007,2025-04-01,2081.38,1538.07,Active
PLG-00060,DNR-01115,FND-002,2025-03-26,891.59,398.39,Active
PLG-00061,DNR-01133,FND-005,2024-05-14,1194.55,516.23,Active
PLG-00062,DNR-00323,FND-005,2024-11-13,125.04,91.97,Active
PLG-00063,DNR-00015,FND-005,2025-12-16,963.96,816.29,Active
PLG-00064,DNR-00187,FND-002,2026-05-20,318.95,168.75,Active
PLG-00065,DNR-00689,FND-007,2025-01-12,285.32,154.25,Active
PLG-00066,DNR-00584,FND-002,2025-03-24,3805.12,785.57,Active
PLG-00067,DNR-01105,FND-002,2024-07-29,537.12,320.12,Active
PLG-00068,DNR-00275,FND-005,2025-04-26,243.89,139.98,Active
PLG-00069,DNR-00115,FND-003,2025-08-28,464.46,460.79,Active
PLG-00070,DNR-00145,FND-001,2024-08-12,181.19,160.91,Active
PLG-00071,DNR-00548,FND-003,2024-06-24,2790.24,1268.57,Active
PLG-00072,DNR-00496,FND-008,2025-08-21,331.73,75.7,Active
PLG-00073,DNR-00868,FND-003,2024-06-08,1129.24,868.27,Active
PLG-00074,DNR-01101,FND-007,2024-01-08,2581.45,1693.12,Active
PLG-00075,DNR-00134,FND-004,2023-08-03,403.37,264.19,Active
PLG-00076,DNR-00626,FND-003,2025-01-25,1132.32,983.56,Active
PLG-00077,DNR-00603,FND-001,2025-08-14,237.44,171.66,Active
PLG-00078,DNR-00385,FND-005,2025-10-17,7675.35,4142.48,Active
PLG-00079,DNR-01060,FND-004,2024-10-30,1696.6,598.99,Active
PLG-00080,DNR-00210,FND-007,2025-12-10,548.61,222.67,Active
PLG-00081,DNR-00077,FND-007,2025-07-11,307.1,283.15,Active
PLG-00082,DNR-00511,FND-003,2025-08-24,593.48,504.19,Active
PLG-00083,DNR-01136,FND-006,2025-06-03,473.44,452.15,Active
PLG-00084,DNR-00697,FND-001,2025-06-11,4688.86,1015.88,Active
PLG-00085,DNR-01146,FND-006,2025-01-08,195.29,64.54,Active
PLG-00086,DNR-00017,FND-004,2025-11-21,761.13,687.54,Active
PLG-00087,DNR-00865,FND-005,2025-04-30,653.06,552.05,Active
PLG-00088,DNR-00964,FND-007,2025-05-03,591.46,217.43,Active
PLG-00089,DNR-01126,FND-004,2023-07-10,596.68,140.72,Active
PLG-00090,DNR-DUP005,FND-006,2025-01-12,592.25,136.28,Active
PLG-00091,DNR-00933,FND-004,2025-01-13,1592.51,492.24,Active
PLG-00092,DNR-00824,FND-007,2026-05-23,1222.9,1209.16,Active
PLG-00093,DNR-DUP006,FND-005,2026-01-21,1011.22,981.18,Active
PLG-00094,DNR-00938,FND-001,2025-12-04,32.01,6.82,Active
PLG-00095,DNR-00535,FND-008,2023-12-16,897.66,599.09,Active
PLG-00096,DNR-00441,FND-005,2026-01-03,127.02,33.61,Active
PLG-00097,DNR-00735,FND-007,2025-12-02,1269.43,358.11,Active
PLG-00098,DNR-00694,FND-002,2026-04-30,2905.9,3341.78,Paid in Full
PLG-00099,DNR-00197,FND-007,2026-04-02,263.42,141.69,Active
PLG-00100,DNR-00371,FND-004,2025-02-01,511.95,373.6,Active
PLG-00101,DNR-00754,FND-007,2026-05-25,365.27,275.94,Active
PLG-00102,DNR-00570,FND-006,2023-08-04,2288.0,1057.36,Active
PLG-00103,DNR-00837,FND-004,2026-03-19,731.45,524.14,Active
PLG-00104,DNR-00542,FND-003,2025-12-07,3745.57,1777.36,Active
PLG-00105,DNR-01100,FND-003,2025-05-09,1006.02,259.23,Active
PLG-00106,DNR-00069,FND-003,2025-05-07,847.64,713.06,Active
PLG-00107,DNR-00493,FND-006,2026-03-31,712.09,174.15,Active
PLG-00108,DNR-00771,FND-005,2026-05-19,1507.17,817.29,Active
PLG-00109,DNR-00843,FND-004,2026-05-25,117.02,116.34,Active
PLG-00110,DNR-00834,FND-001,2025-08-28,724.4,519.73,Active
PLG-00111,DNR-00453,FND-001,2023-12-21,620.15,221.2,Active
PLG-00112,DNR-00290,FND-008,2025-08-11,1373.91,298.67,Active
PLG-00113,DNR-00427,FND-001,2025-02-22,551.31,375.37,Active
PLG-00114,DNR-00756,FND-003,2026-03-29,235.4,168.11,Active
PLG-00115,DNR-00973,FND-001,2024-09-15,670.05,380.41,Active
PLG-00116,DNR-00106,FND-004,2025-11-12,225.24,114.83,Active
PLG-00117,DNR-00577,FND-004,2024-12-10,97.0,36.13,Active
PLG-00118,DNR-00774,FND-004,2024-10-19,1376.26,718.92,Active
PLG-00119,DNR-00309,FND-004,2024-09-28,1186.85,337.02,Active
PLG-00120,DNR-00182,FND-008,2023-10-06,1061.13,526.99,Active
PLG-00121,DNR-00255,FND-008,2025-03-09,2447.76,1367.79,Active
PLG-00122,DNR-00946,FND-007,2024-06-19,342.05,145.01,Active
PLG-00123,DNR-00795,FND-004,2025-09-11,159.0,117.69,Active
PLG-00124,DNR-00085,FND-008,2026-04-11,620.16,344.56,Active
PLG-00125,DNR-00767,FND-005,2025-02-07,469.89,193.58,Active
PLG-00126,DNR-01029,FND-006,2024-04-09,286.49,206.29,Active
PLG-00127,DNR-00914,FND-008,2024-12-01,614.1,411.41,Active
PLG-00128,DNR-00492,FND-008,2025-09-05,360.83,325.66,Active
PLG-00129,DNR-00577,FND-001,2024-12-25,106.06,60.73,Active
PLG-00130,DNR-00984,FND-007,2026-02-11,427.87,384.1,Active
PLG-00131,DNR-00912,FND-006,2024-08-13,213.5,103.28,Active
PLG-00132,DNR-00965,FND-004,2024-08-29,838.53,367.64,Active
PLG-00133,DNR-00067,FND-001,2025-01-19,345.15,85.43,Active
PLG-00134,DNR-00764,FND-007,2025-07-01,2021.57,1598.62,Active
PLG-00135,DNR-00595,FND-005,2025-06-03,3307.23,2582.21,Active
PLG-00136,DNR-00684,FND-007,2025-07-18,1312.1,518.72,Active
PLG-00137,DNR-00411,FND-003,2025-10-20,141.03,55.96,Active
PLG-00138,DNR-00028,FND-001,2024-12-14,2996.49,1629.7,Active
PLG-00139,DNR-01169,FND-002,2023-11-21,3215.44,1842.87,Active
PLG-00140,DNR-00631,FND-006,2025-11-10,677.76,168.05,Active
PLG-00141,DNR-01028,FND-007,2025-04-04,2497.2,654.86,Active
PLG-00142,DNR-00209,FND-006,2026-04-24,383.11,381.15,Active
PLG-00143,DNR-00567,FND-007,2025-11-20,102.9,38.28,Active
PLG-00144,DNR-00964,FND-008,2025-11-17,310.98,81.23,Active
PLG-00145,DNR-00837,FND-008,2023-07-01,3749.21,3519.21,Active
PLG-00146,DNR-01196,FND-007,2025-09-26,149.74,63.57,Active
PLG-00147,DNR-00786,FND-003,2023-08-02,664.82,489.95,Active
PLG-00148,DNR-00756,FND-007,2025-06-02,688.24,545.29,Active
PLG-00149,DNR-00035,FND-002,2025-01-16,398.23,391.21,Active
PLG-00150,DNR-00475,FND-001,2024-07-04,426.87,330.68,Active
PLG-00151,DNR-00866,FND-005,2023-08-05,714.98,471.46,Active
PLG-00152,DNR-00496,FND-007,2024-06-22,379.11,171.52,Active
PLG-00153,DNR-00113,FND-006,2023-11-15,160.44,149.48,Active
PLG-00154,DNR-00796,FND-007,2023-09-05,824.71,307.64,Active
PLG-00155,DNR-00499,FND-004,2024-01-01,1945.68,869.06,Active
PLG-00156,DNR-01025,FND-006,2024-06-08,1586.96,639.01,Active
PLG-00157,DNR-00620,FND-003,2023-07-06,295.97,121.03,Active
PLG-00158,DNR-00578,FND-002,2023-08-04,190.33,66.69,Active
PLG-00159,DNR-00341,FND-004,2026-04-29,500.6,472.58,Active
PLG-00160,DNR-00732,FND-002,2025-10-10,3190.05,1865.16,Active
PLG-00161,DNR-01018,FND-008,2025-03-11,1268.51,673.45,Active
PLG-00162,DNR-00417,FND-006,2023-12-04,1344.75,371.7,Active
PLG-00163,DNR-00290,FND-006,2026-05-18,1619.47,978.79,Active
PLG-00164,DNR-00857,FND-006,2026-06-29,1013.1,505.65,Active
PLG-00165,DNR-01080,FND-006,2024-06-08,750.4,639.17,Active
PLG-00166,DNR-00672,FND-006,2023-10-27,1289.88,973.88,Active
PLG-00167,DNR-00156,FND-003,2025-08-07,385.23,326.32,Active
PLG-00168,DNR-00227,FND-007,2026-01-29,161.67,75.05,Active
PLG-00169,DNR-00441,FND-004,2024-01-15,1370.59,652.58,Active
PLG-00170,DNR-01172,FND-002,2023-09-23,2293.28,1536.67,Active
PLG-00171,DNR-01092,FND-002,2024-12-10,217.41,170.86,Active
PLG-00172,DNR-00261,FND-003,2025-03-30,1513.11,1351.08,Active
PLG-00173,DNR-00758,FND-008,2024-11-07,3571.59,3327.94,Active
PLG-00174,DNR-DUP003,FND-002,2024-06-20,663.65,652.01,Active
PLG-00175,DNR-00968,FND-004,2025-02-24,293.54,73.58,Active
PLG-00176,DNR-00823,FND-002,2024-08-06,752.21,205.01,Active
PLG-00177,DNR-00730,FND-006,2024-08-04,383.55,153.25,Active
PLG-00178,DNR-00657,FND-004,2023-09-18,358.98,315.61,Active
PLG-00179,DNR-00608,FND-001,2026-01-07,1025.75,360.91,Active
PLG-00180,DNR-00205,FND-001,2025-10-12,133.79,73.95,Active
PLG-00181,DNR-00641,FND-006,2026-01-21,156.97,76.67,Active
PLG-00182,DNR-00886,FND-004,2025-03-17,678.1,356.29,Active
PLG-00183,DNR-00246,FND-003,2024-01-18,650.47,299.5,Active
PLG-00184,DNR-00547,FND-006,2024-05-08,937.82,293.62,Active
PLG-00185,DNR-00169,FND-002,2023-08-16,4338.25,1058.8,Active
PLG-00186,DNR-00784,FND-007,2024-01-08,738.42,395.41,Active
PLG-00187,DNR-01079,FND-003,2024-05-23,1209.75,258.66,Active
PLG-00188,DNR-00253,FND-007,2024-04-15,250.75,183.38,Active
PLG-00189,DNR-00258,FND-003,2023-12-19,1433.59,765.43,Active
PLG-00190,DNR-00824,FND-003,2025-08-19,392.92,277.5,Active
PLG-00191,DNR-00782,FND-003,2023-09-01,714.38,620.46,Active
PLG-00192,DNR-01017,FND-002,2023-07-08,596.54,371.8,Active
PLG-00193,DNR-00285,FND-006,2026-04-04,1868.66,390.36,Active
PLG-00194,DNR-00934,FND-001,2024-08-16,179.47,54.49,Active
PLG-00195,DNR-00949,FND-005,2025-05-26,67.81,22.13,Active
PLG-00196,DNR-00521,FND-004,2026-02-03,537.31,372.11,Active
PLG-00197,DNR-00717,FND-002,2025-02-24,1062.66,1011.04,Active
PLG-00198,DNR-00092,FND-006,2026-05-14,774.54,362.28,Active
PLG-00199,DNR-00048,FND-003,2026-05-22,2280.62,2070.04,Active
PLG-00200,DNR-00090,FND-005,2023-08-28,1030.06,535.16,Active
PLG-00201,DNR-00373,FND-005,2023-07-27,378.48,128.23,Active
PLG-00202,DNR-00616,FND-008,2024-12-21,65.01,34.77,Active
PLG-00203,DNR-00699,FND-001,2023-08-17,524.63,294.28,Active
PLG-00204,DNR-01030,FND-006,2025-12-09,1859.31,754.4,Active
PLG-00205,DNR-00419,FND-001,2024-01-09,449.42,230.87,Active
PLG-00206,DNR-00726,FND-007,2024-04-01,684.25,629.83,Active
PLG-00207,DNR-01088,FND-008,2025-08-19,1013.7,381.6,Active
PLG-00208,DNR-00487,FND-002,2024-08-25,240.98,115.21,Active
PLG-00209,DNR-00854,FND-003,2024-04-08,1240.46,634.47,Active
PLG-00210,DNR-00181,FND-002,2024-07-31,3419.06,2990.57,Active
PLG-00211,DNR-00573,FND-008,2025-01-18,559.58,643.52,Paid in Full
PLG-00212,DNR-00164,FND-001,2024-09-11,215.06,157.49,Active
PLG-00213,DNR-00249,FND-005,2026-06-02,622.29,377.82,Active
PLG-00214,DNR-00661,FND-004,2024-06-10,71.92,48.15,Active
PLG-00215,DNR-00631,FND-002,2024-03-06,931.6,894.89,Active
PLG-00216,DNR-00098,FND-006,2024-10-20,1045.52,426.25,Active
PLG-00217,DNR-00491,FND-006,2024-01-07,3553.32,1585.14,Active
PLG-00218,DNR-00441,FND-001,2025-05-09,547.85,529.14,Active
PLG-00219,DNR-00807,FND-008,2023-07-17,1000.73,783.54,Active
PLG-00220,DNR-01046,FND-007,2026-06-17,281.1,237.88,Active
PLG-00221,DNR-00680,FND-007,2024-05-01,465.71,371.9,Active
PLG-00222,DNR-01096,FND-003,2024-05-21,144.72,97.6,Active
PLG-00223,DNR-01099,FND-001,2024-02-12,547.42,339.64,Active
PLG-00224,DNR-00765,FND-004,2023-09-24,490.14,304.65,Active
PLG-00225,DNR-00703,FND-007,2025-03-02,897.13,492.91,Active
PLG-00226,DNR-00994,FND-007,2026-04-10,356.52,265.68,Active
PLG-00227,DNR-00818,FND-005,2025-04-24,722.95,435.15,Active
PLG-00228,DNR-00551,FND-005,2025-04-27,476.57,400.97,Active
PLG-00229,DNR-00301,FND-002,2024-10-16,477.47,412.9,Active
PLG-00230,DNR-00979,FND-006,2025-06-05,720.8,350.26,Active
PLG-00231,DNR-00325,FND-008,2025-01-13,692.65,517.37,Active
PLG-00232,DNR-00567,FND-002,2023-11-09,1423.93,897.02,Active
PLG-00233,DNR-01079,FND-007,2024-05-16,589.55,450.77,Active
PLG-00234,DNR-00247,FND-002,2026-04-05,468.77,254.46,Active
PLG-00235,DNR-00550,FND-007,2025-06-28,555.12,299.5,Active
PLG-00236,DNR-00734,FND-007,2025-03-28,325.49,270.06,Active
PLG-00237,DNR-00903,FND-007,2024-10-29,464.09,422.03,Active
PLG-00238,DNR-00103,FND-004,2025-06-18,5070.32,5830.87,Paid in Full
PLG-00239,DNR-00125,FND-002,2025-09-19,267.02,210.71,Active
PLG-00240,DNR-00176,FND-006,2026-02-28,503.38,416.51,Active
PLG-00241,DNR-00576,FND-003,2024-03-15,451.47,325.86,Active
PLG-00242,DNR-00441,FND-005,2024-06-07,519.48,321.8,Active
PLG-00243,DNR-00100,FND-005,2025-12-09,477.59,278.76,Active
PLG-00244,DNR-00170,FND-001,2025-01-13,879.4,636.62,Active
PLG-00245,DNR-00615,FND-001,2023-11-25,120.28,24.84,Active
PLG-00246,DNR-00449,FND-008,2024-11-07,1876.51,1634.07,Active
PLG-00247,DNR-00818,FND-007,2026-03-22,1252.11,625.78,Active
PLG-00248,DNR-00535,FND-005,2025-10-31,191.93,54.4,Active
PLG-00249,DNR-01200,FND-003,2025-09-12,68.78,62.22,Active
PLG-00250,DNR-00993,FND-005,2025-10-03,250.37,58.27,Active
PLG-00251,DNR-00279,FND-001,2025-05-12,521.83,368.62,Active
PLG-00252,DNR-00613,FND-002,2024-02-05,8780.53,7020.12,Active
PLG-00253,DNR-01087,FND-006,2025-10-15,1145.11,778.03,Active
PLG-00254,DNR-00315,FND-006,2023-09-26,109.12,60.62,Active
PLG-00255,DNR-00732,FND-006,2024-09-18,333.73,112.32,Active
PLG-00256,DNR-01019,FND-008,2025-05-27,630.67,407.2,Active
PLG-00257,DNR-00183,FND-003,2025-08-30,857.21,771.32,Active
PLG-00258,DNR-00760,FND-007,2026-03-05,178.62,61.79,Active
PLG-00259,DNR-00810,FND-001,2025-12-30,581.15,414.41,Active
PLG-00260,DNR-00046,FND-008,2025-06-03,324.52,210.59,Active
PLG-00261,DNR-01153,FND-002,2026-04-29,220.58,58.62,Active
PLG-00262,DNR-00759,FND-002,2024-05-09,862.29,217.07,Active
PLG-00263,DNR-00613,FND-002,2025-03-20,1442.13,949.02,Active
PLG-00264,DNR-00422,FND-002,2025-11-26,1542.32,1053.73,Active
PLG-00265,DNR-00365,FND-004,2026-05-25,1181.32,1103.5,Active
PLG-00266,DNR-01169,FND-008,2025-01-08,404.49,333.5,Active
PLG-00267,DNR-00777,FND-006,2023-09-14,1359.06,750.17,Active
PLG-00268,DNR-00621,FND-005,2024-09-03,906.01,530.13,Active
PLG-00269,DNR-00885,FND-008,2026-04-04,760.47,540.63,Active
PLG-00270,DNR-01155,FND-003,2024-04-14,360.79,101.55,Active
PLG-00271,DNR-00545,FND-001,2026-03-24,404.69,315.96,Active
PLG-00272,DNR-00494,FND-005,2024-02-16,716.15,375.21,Active
PLG-00273,DNR-00950,FND-008,2024-03-12,7630.24,3636.72,Active
PLG-00274,DNR-00225,FND-002,2025-05-13,898.96,894.72,Active
PLG-00275,DNR-00469,FND-005,2024-12-20,360.98,258.01,Active
PLG-00276,DNR-00538,FND-008,2024-03-30,289.34,113.51,Active
PLG-00277,DNR-00960,FND-006,2025-09-29,406.76,137.63,Active
PLG-00278,DNR-00554,FND-008,2025-03-24,5868.14,2368.67,Active
PLG-00279,DNR-00767,FND-008,2024-09-11,446.19,123.23,Active
PLG-00280,DNR-00487,FND-003,2025-07-21,1647.26,1145.93,Active
PLG-00281,DNR-00037,FND-006,2026-03-22,456.72,444.57,Active
PLG-00282,DNR-01000,FND-006,2026-04-23,863.66,688.74,Active
PLG-00283,DNR-00091,FND-003,2026-06-22,1468.13,408.4,Active
PLG-00284,DNR-00241,FND-004,2025-10-18,375.44,307.38,Active
PLG-00285,DNR-00619,FND-008,2023-07-04,350.33,117.05,Active
PLG-00286,DNR-00516,FND-007,2025-12-27,3494.23,1539.09,Active
PLG-00287,DNR-01010,FND-008,2024-11-14,1780.4,1258.53,Active
PLG-00288,DNR-00716,FND-006,2025-05-27,1466.56,1436.28,Active
PLG-00289,DNR-00444,FND-008,2025-01-31,1461.58,1455.38,Active
PLG-00290,DNR-00076,FND-002,2026-01-31,1053.19,524.79,Active
PLG-00291,DNR-00796,FND-002,2023-08-09,5002.91,1102.23,Active
PLG-00292,DNR-00064,FND-001,2024-01-31,695.0,182.28,Active
PLG-00293,DNR-00785,FND-008,2025-01-03,1184.72,652.38,Active
PLG-00294,DNR-00886,FND-003,2026-06-18,155.88,102.83,Active
PLG-00295,DNR-00815,FND-003,2024-02-10,291.5,131.2,Active
PLG-00296,DNR-00485,FND-007,2025-12-28,200.17,160.02,Active
PLG-00297,DNR-00406,FND-007,2026-03-23,2378.12,1240.05,Active
PLG-00298,DNR-00730,FND-007,2023-10-02,51.8,51.79,Active
PLG-00299,DNR-00273,FND-004,2025-01-04,444.83,263.0,Active
PLG-00300,DNR-00473,FND-006,2024-02-04,33.32,27.43,Active
PLG-00301,DNR-00153,FND-005,2024-07-23,289.66,232.49,Active
PLG-00302,DNR-00635,FND-003,2026-04-04,407.1,96.77,Active
PLG-00303,DNR-00465,FND-007,2025-10-07,2656.78,1881.54,Active
PLG-00304,DNR-00643,FND-008,2025-10-25,988.93,871.1,Active
PLG-00305,DNR-00129,FND-005,2026-05-31,289.12,159.97,Active
PLG-00306,DNR-00023,FND-001,2026-01-20,1931.33,1874.57,Active
PLG-00307,DNR-00746,FND-007,2025-07-17,677.11,500.27,Active
PLG-00308,DNR-00052,FND-003,2025-06-01,690.6,447.91,Active
PLG-00309,DNR-00851,FND-004,2026-02-19,199.8,68.97,Active
PLG-00310,DNR-00140,FND-003,2026-05-03,247.15,209.54,Active
PLG-00311,DNR-00879,FND-002,2023-12-29,291.46,259.75,Active
PLG-00312,DNR-00402,FND-003,2023-12-02,696.77,591.0,Active
PLG-00313,DNR-00661,FND-003,2025-08-12,719.02,295.58,Active
PLG-00314,DNR-01002,FND-003,2025-05-13,3115.34,828.95,Active
PLG-00315,DNR-00808,FND-006,2026-01-10,977.56,828.98,Active
PLG-00316,DNR-00559,FND-007,2025-08-01,44.36,43.07,Active
PLG-00317,DNR-00650,FND-005,2025-02-06,864.92,657.39,Active
PLG-00318,DNR-00200,FND-006,2023-12-22,156.02,146.6,Active
PLG-00319,DNR-00385,FND-001,2025-05-23,253.16,93.94,Active
PLG-00320,DNR-01106,FND-002,2024-09-16,295.25,93.15,Active
PLG-00321,DNR-00879,FND-005,2024-01-21,342.63,190.38,Active
PLG-00322,DNR-01018,FND-002,2024-12-14,168.15,105.88,Active
PLG-00323,DNR-00058,FND-002,2024-12-16,815.24,412.19,Active
PLG-00324,DNR-00498,FND-006,2024-12-28,162.26,118.37,Active
PLG-00325,DNR-00228,FND-003,2025-12-24,950.2,931.03,Active
PLG-00326,DNR-00798,FND-001,2024-08-04,6229.0,2087.88,Active
PLG-00327,DNR-00809,FND-005,2026-02-14,176.03,35.43,Active
PLG-00328,DNR-01174,FND-001,2025-11-10,500.44,463.58,Active
PLG-00329,DNR-00223,FND-004,2026-02-07,53.33,38.88,Active
PLG-00330,DNR-00765,FND-001,2026-03-16,492.29,247.02,Active
PLG-00331,DNR-00135,FND-007,2024-07-14,1264.86,679.05,Active
PLG-00332,DNR-00086,FND-005,2026-06-07,1367.36,1321.92,Active
PLG-00333,DNR-00102,FND-005,2024-01-27,718.64,629.85,Active
PLG-00334,DNR-00456,FND-001,2024-10-06,1618.51,972.41,Active
PLG-00335,DNR-00793,FND-005,2025-05-03,8484.99,7711.49,Active
PLG-00336,DNR-00880,FND-008,2025-03-03,3686.03,3084.01,Active
PLG-00337,DNR-00822,FND-001,2025-04-22,394.44,113.34,Active
PLG-00338,DNR-00473,FND-001,2025-08-31,155.85,120.68,Active
PLG-00339,DNR-01166,FND-001,2026-03-23,443.12,366.77,Active
PLG-00340,DNR-00268,FND-006,2024-02-20,258.01,184.77,Active
PLG-00341,DNR-00109,FND-002,2023-11-19,1044.56,798.18,Active
PLG-00342,DNR-01176,FND-002,2024-07-19,204.14,161.25,Active
PLG-00343,DNR-01187,FND-007,2026-02-06,618.43,320.15,Active
PLG-00344,DNR-00359,FND-002,2025-05-11,1537.66,1481.67,Active
PLG-00345,DNR-00510,FND-007,2024-04-09,601.43,564.03,Active
PLG-00346,DNR-00352,FND-007,2023-07-08,258.19,212.95,Active
PLG-00347,DNR-01171,FND-001,2026-05-10,2153.42,672.89,Active
PLG-00348,DNR-01054,FND-001,2024-04-15,101.6,57.34,Active
PLG-00349,DNR-00475,FND-004,2025-07-23,479.24,427.42,Active
PLG-00350,DNR-00611,FND-004,2023-12-17,638.0,405.89,Active
PLG-00351,DNR-00491,FND-006,2023-12-20,675.81,137.47,Active
PLG-00352,DNR-00520,FND-007,2024-09-18,796.71,465.29,Active
PLG-00353,DNR-00251,FND-001,2024-05-29,1224.69,1000.81,Active
PLG-00354,DNR-00182,FND-003,2024-11-12,642.0,505.59,Active
PLG-00355,DNR-00753,FND-008,2023-07-25,460.33,161.81,Active
PLG-00356,DNR-00930,FND-002,2026-04-05,442.49,418.32,Active
PLG-00357,DNR-00996,FND-001,2024-07-28,360.86,340.35,Active
PLG-00358,DNR-00926,FND-001,2025-03-13,1461.97,330.59,Active
PLG-00359,DNR-00783,FND-001,2025-05-06,348.44,90.24,Active
PLG-00360,DNR-01108,FND-004,2025-04-17,1551.18,425.92,Active
PLG-00361,DNR-01145,FND-005,2024-02-22,677.9,248.83,Active
PLG-00362,DNR-00827,FND-008,2026-02-06,394.94,317.86,Active
PLG-00363,DNR-00125,FND-001,2025-09-02,1234.48,1101.82,Active
PLG-00364,DNR-DUP002,FND-008,2024-10-20,321.35,136.2,Active
PLG-00365,DNR-00968,FND-004,2023-09-30,1259.14,1100.75,Active
PLG-00366,DNR-01189,FND-007,2026-01-10,822.81,314.41,Active
PLG-00367,DNR-01024,FND-005,2025-05-27,366.38,170.98,Active
PLG-00368,DNR-01112,FND-005,2026-06-27,1128.49,1297.76,Paid in Full
PLG-00369,DNR-00899,FND-004,2024-02-25,1148.93,1019.13,Active
PLG-00370,DNR-00793,FND-001,2025-05-29,2116.5,1340.0,Active
PLG-00371,DNR-00106,FND-008,2025-07-07,1747.86,1531.3,Active
PLG-00372,DNR-00613,FND-008,2025-10-24,1087.11,928.5,Active
PLG-00373,DNR-00105,FND-008,2026-02-23,215.38,186.43,Active
PLG-00374,DNR-00742,FND-005,2025-06-19,7697.01,3954.44,Active
PLG-00375,DNR-01049,FND-008,2024-05-06,163.43,87.38,Active
PLG-00376,DNR-00431,FND-005,2026-05-04,1718.6,572.53,Active
PLG-00377,DNR-00051,FND-004,2023-07-22,1023.81,481.48,Active
PLG-00378,DNR-00779,FND-006,2025-10-31,205.58,141.25,Active
PLG-00379,DNR-DUP008,FND-003,2025-10-13,587.4,122.84,Active
PLG-00380,DNR-00840,FND-008,2023-09-08,614.77,156.24,Active
PLG-00381,DNR-00903,FND-008,2025-12-16,2454.27,1717.59,Active
PLG-00382,DNR-00421,FND-007,2024-04-21,325.93,220.63,Active
PLG-00383,DNR-DUP006,FND-003,2025-12-26,511.86,256.44,Active
PLG-00384,DNR-00113,FND-008,2024-10-31,64.32,16.45,Active
PLG-00385,DNR-01135,FND-007,2024-06-18,3769.75,3734.63,Active
PLG-00386,DNR-00834,FND-003,2025-02-08,228.04,79.8,Active
PLG-00387,DNR-00496,FND-001,2024-04-19,922.34,333.31,Active
PLG-00388,DNR-00471,FND-005,2025-01-24,601.0,223.9,Active
PLG-00389,DNR-00057,FND-007,2024-12-11,603.05,303.5,Active
PLG-00390,DNR-00005,FND-007,2025-06-04,1494.97,1145.41,Active
PLG-00391,DNR-00897,FND-007,2025-04-22,3537.81,2559.58,Active
PLG-00392,DNR-00186,FND-003,2026-05-01,855.34,703.79,Active
PLG-00393,DNR-00100,FND-001,2025-08-22,1280.59,608.16,Active
PLG-00394,DNR-01088,FND-006,2025-02-08,924.17,821.76,Active
PLG-00395,DNR-00698,FND-004,2024-02-04,1840.02,1150.69,Active
PLG-00396,DNR-01066,FND-001,2024-12-06,418.67,122.74,Active
PLG-00397,DNR-00637,FND-003,2026-06-19,1949.62,649.95,Active
PLG-00398,DNR-00910,FND-007,2025-03-11,2019.29,1699.69,Active
PLG-00399,DNR-00062,FND-008,2025-11-15,1963.6,1917.45,Active
PLG-00400,DNR-00915,FND-007,2023-08-26,343.73,220.17,Active
PLG-00401,DNR-DUP008,FND-003,2024-06-10,562.09,417.63,Active
PLG-00402,DNR-00985,FND-001,2024-01-07,845.11,251.74,Active
PLG-00403,DNR-00668,FND-007,2025-10-27,168.87,117.73,Active
PLG-00404,DNR-01182,FND-003,2026-02-21,3277.78,3074.57,Active
PLG-00405,DNR-00327,FND-008,2024-08-19,657.03,428.84,Active
PLG-00406,DNR-00516,FND-003,2025-03-26,883.53,760.8,Active
PLG-00407,DNR-00356,FND-002,2026-02-25,373.53,244.25,Active
PLG-00408,DNR-00635,FND-005,2024-02-21,176.46,164.56,Active
PLG-00409,DNR-00375,FND-001,2026-02-19,363.57,196.94,Active
PLG-00410,DNR-00085,FND-003,2026-06-14,828.16,168.61,Active
PLG-00411,DNR-00163,FND-003,2023-08-13,1304.31,769.72,Active
PLG-00412,DNR-00008,FND-002,2026-03-28,781.95,248.43,Active
PLG-00413,DNR-00557,FND-002,2025-09-23,940.79,459.75,Active
PLG-00414,DNR-00282,FND-002,2023-10-22,474.84,199.59,Active
PLG-00415,DNR-00851,FND-003,2026-02-10,1092.53,977.55,Active
PLG-00416,DNR-00201,FND-006,2024-06-15,2930.22,1335.1,Active
PLG-00417,DNR-00917,FND-005,2025-01-15,1345.86,706.04,Active
PLG-00418,DNR-00816,FND-001,2026-03-12,1494.49,503.12,Active
PLG-00419,DNR-00599,FND-004,2024-08-17,892.49,560.17,Active
PLG-00420,DNR-01040,FND-008,2024-04-16,147.95,31.18,Active
PLG-00421,DNR-00443,FND-007,2026-06-30,234.0,215.67,Active
PLG-00422,DNR-00101,FND-002,2024-12-13,1048.25,802.72,Active
PLG-00423,DNR-00315,FND-004,2024-04-01,657.91,308.2,Active
PLG-00424,DNR-01089,FND-006,2026-04-20,1032.61,538.06,Active
PLG-00425,DNR-00943,FND-001,2024-01-12,3556.11,2713.15,Active
PLG-00426,DNR-01159,FND-007,2026-04-12,1374.76,676.36,Active
PLG-00427,DNR-00990,FND-003,2023-08-26,2342.29,1610.19,Active
PLG-00428,DNR-01171,FND-003,2023-10-03,731.2,507.41,Active
PLG-00429,DNR-01126,FND-006,2024-03-15,296.72,87.63,Active
PLG-00430,DNR-01158,FND-008,2023-07-08,627.74,245.21,Active
PLG-00431,DNR-00405,FND-008,2025-05-28,297.45,257.32,Active
PLG-00432,DNR-00212,FND-006,2025-07-31,3159.9,1909.9,Active
PLG-00433,DNR-00159,FND-007,2024-09-05,1466.14,1365.84,Active
PLG-00434,DNR-00171,FND-005,2024-06-02,1119.36,942.12,Active
PLG-00435,DNR-00956,FND-006,2026-01-27,2289.17,2240.81,Active
PLG-00436,DNR-00635,FND-003,2025-03-04,88.23,39.01,Active
PLG-00437,DNR-00488,FND-007,2024-05-20,1197.68,777.33,Active
PLG-00438,DNR-00164,FND-004,2023-11-21,179.35,91.18,Active
PLG-00439,DNR-00963,FND-008,2024-10-25,660.33,226.0,Active
PLG-00440,DNR-00945,FND-008,2024-06-16,487.01,393.4,Active
PLG-00441,DNR-00392,FND-005,2024-08-08,1289.15,1167.32,Active
PLG-00442,DNR-00624,FND-008,2026-05-28,835.63,588.06,Active
PLG-00443,DNR-00771,FND-006,2026-03-02,2553.24,1522.56,Active
PLG-00444,DNR-00630,FND-004,2026-05-27,364.35,105.03,Active
PLG-00445,DNR-00321,FND-001,2024-10-06,1351.69,1207.38,Active
PLG-00446,DNR-00039,FND-005,2024-03-13,782.29,325.56,Active
PLG-00447,DNR-00858,FND-001,2023-09-01,129.63,56.31,Active
PLG-00448,DNR-00020,FND-002,2025-11-05,265.44,206.19,Active
PLG-00449,DNR-00979,FND-007,2024-03-18,572.56,434.69,Active
PLG-00450,DNR-00783,FND-003,2024-03-14,2022.91,870.63,Active
PLG-00451,DNR-00068,FND-004,2025-10-22,1057.56,521.14,Active
PLG-00452,DNR-00174,FND-005,2023-10-29,206.95,170.84,Active
PLG-00453,DNR-00304,FND-008,2024-11-07,578.06,537.54,Active
PLG-00454,DNR-00943,FND-003,2024-07-08,5003.07,1435.81,Active
PLG-00455,DNR-00530,FND-008,2025-05-03,743.39,384.19,Active
PLG-00456,DNR-00027,FND-001,2023-11-12,479.47,257.42,Active
PLG-00457,DNR-00457,FND-004,2025-05-06,1087.61,671.45,Active
PLG-00458,DNR-00559,FND-008,2025-03-19,1427.09,982.77,Active
PLG-00459,DNR-00497,FND-006,2025-11-01,421.51,139.46,Active
PLG-00460,DNR-00986,FND-008,2023-12-16,1099.46,821.86,Active
PLG-00461,DNR-00041,FND-003,2024-06-05,478.72,472.19,Active
PLG-00462,DNR-00617,FND-008,2024-10-26,1365.57,744.26,Active
PLG-00463,DNR-00416,FND-003,2023-08-02,788.15,411.53,Active
PLG-00464,DNR-00114,FND-007,2025-03-07,1077.04,710.54,Active
PLG-00465,DNR-00639,FND-005,2024-04-24,311.32,272.08,Active
PLG-00466,DNR-00666,FND-006,2024-12-14,292.57,164.22,Active
PLG-00467,DNR-00582,FND-003,2024-11-21,1712.14,1244.6,Active
PLG-00468,DNR-00295,FND-001,2025-12-03,614.37,184.28,Active
PLG-00469,DNR-00549,FND-004,2024-08-06,884.51,490.28,Active
PLG-00470,DNR-01177,FND-007,2023-08-09,489.61,217.69,Active
PLG-00471,DNR-DUP008,FND-003,2025-06-10,1633.9,689.08,Active
PLG-00472,DNR-00456,FND-006,2026-01-21,362.2,123.01,Active
PLG-00473,DNR-01047,FND-002,2024-09-26,580.8,208.22,Active
PLG-00474,DNR-00477,FND-005,2025-05-28,1459.71,579.53,Active
PLG-00475,DNR-00427,FND-001,2024-07-05,2149.45,857.29,Active
PLG-00476,DNR-00208,FND-003,2024-05-08,393.96,389.47,Active
PLG-00477,DNR-00520,FND-001,2025-08-05,4720.57,2051.07,Active
PLG-00478,DNR-00323,FND-001,2024-11-07,909.82,320.9,Active
PLG-00479,DNR-00149,FND-007,2023-10-07,234.41,90.04,Active
PLG-00480,DNR-00669,FND-002,2023-08-28,962.04,289.01,Active
PLG-00481,DNR-00731,FND-006,2026-06-29,453.5,267.56,Active
PLG-00482,DNR-DUP003,FND-005,2023-10-16,1026.66,911.02,Active
PLG-00483,DNR-00613,FND-006,2025-09-13,637.24,266.82,Active
PLG-00484,DNR-00321,FND-006,2025-08-01,716.43,318.41,Active
PLG-00485,DNR-00477,FND-001,2026-03-22,267.31,236.48,Active
PLG-00486,DNR-00187,FND-004,2025-06-07,1790.16,1461.77,Active
PLG-00487,DNR-00458,FND-005,2024-12-02,209.32,193.15,Active
PLG-00488,DNR-00964,FND-002,2025-05-13,219.47,207.46,Active
PLG-00489,DNR-00644,FND-006,2026-04-12,960.41,723.77,Active
PLG-00490,DNR-00804,FND-007,2024-10-15,3303.85,3170.09,Active
PLG-00491,DNR-00270,FND-005,2025-10-16,467.5,158.46,Active
PLG-00492,DNR-00882,FND-002,2025-10-18,1340.73,532.04,Active
PLG-00493,DNR-01099,FND-006,2025-12-02,1945.63,597.9,Active
PLG-00494,DNR-00002,FND-008,2025-12-09,1502.2,585.79,Active
PLG-00495,DNR-00593,FND-003,2023-10-21,487.26,463.7,Active
PLG-00496,DNR-00790,FND-006,2025-11-07,223.4,100.87,Active
PLG-00497,DNR-00159,FND-005,2024-07-23,73.15,49.49,Active
PLG-00498,DNR-00866,FND-001,2026-04-30,511.4,382.87,Active
PLG-00499,DNR-00078,FND-002,2023-09-29,2160.48,504.74,Active
PLG-00500,DNR-00856,FND-002,2023-10-11,216.12,56.82,Active
PLG-00501,DNR-00995,FND-002,2024-08-28,1339.71,1053.2,Active
PLG-00502,DNR-00801,FND-002,2025-08-29,257.2,59.31,Active
PLG-00503,DNR-00234,FND-007,2026-05-06,739.57,703.05,Active
PLG-00504,DNR-00722,FND-002,2026-06-15,1349.91,780.93,Active
PLG-00505,DNR-00862,FND-001,2025-06-17,343.95,293.68,Active
PLG-00506,DNR-00782,FND-006,2025-09-27,788.78,553.86,Active
PLG-00507,DNR-00329,FND-007,2026-03-07,439.18,354.42,Active
PLG-00508,DNR-00982,FND-003,2026-03-26,1346.34,458.94,Active
PLG-00509,DNR-01135,FND-002,2025-02-14,841.61,967.85,Paid in Full
PLG-00510,DNR-00939,FND-004,2025-06-20,703.81,392.69,Active
PLG-00511,DNR-01057,FND-004,2023-08-28,3160.07,1693.73,Active
PLG-00512,DNR-00820,FND-008,2026-05-31,1289.88,1248.01,Active
PLG-00513,DNR-01167,FND-006,2024-01-28,333.5,269.53,Active
PLG-00514,DNR-00582,FND-004,2025-10-21,610.41,435.37,Active
PLG-00515,DNR-00794,FND-008,2024-12-21,616.53,350.9,Active
PLG-00516,DNR-00777,FND-007,2026-01-06,720.77,469.54,Active
PLG-00517,DNR-00692,FND-008,2024-01-23,8304.14,4135.95,Active
PLG-00518,DNR-00883,FND-001,2025-06-19,963.77,257.52,Active
PLG-00519,DNR-00824,FND-004,2025-03-13,86.84,63.83,Active
PLG-00520,DNR-01032,FND-001,2025-12-15,386.53,154.29,Active
PLG-00521,DNR-00034,FND-001,2024-04-01,96.32,35.41,Active
PLG-00522,DNR-00709,FND-007,2025-05-09,478.28,229.38,Active
PLG-00523,DNR-00962,FND-008,2026-03-14,91.17,73.55,Active
PLG-00524,DNR-00410,FND-002,2025-08-14,278.22,232.5,Active
PLG-00525,DNR-00222,FND-003,2025-10-29,145.37,86.66,Active
PLG-00526,DNR-00985,FND-003,2023-07-26,976.68,279.51,Active
PLG-00527,DNR-00118,FND-003,2025-08-06,665.5,586.77,Active
PLG-00528,DNR-00658,FND-001,2023-10-27,900.51,868.31,Active
PLG-00529,DNR-00065,FND-001,2024-08-31,599.11,597.57,Active
PLG-00530,DNR-00939,FND-004,2026-05-31,164.96,107.95,Active
PLG-00531,DNR-00774,FND-002,2025-09-10,1111.56,675.83,Active
PLG-00532,DNR-00578,FND-004,2026-06-12,4547.01,1689.87,Active
PLG-00533,DNR-00057,FND-001,2023-12-10,1001.46,376.36,Active
PLG-00534,DNR-00630,FND-004,2023-08-06,434.45,188.05,Active
PLG-00535,DNR-00570,FND-002,2025-12-13,159.48,94.63,Active
PLG-00536,DNR-00846,FND-006,2025-01-06,268.25,266.45,Active
PLG-00537,DNR-01049,FND-008,2024-08-02,1046.33,555.23,Active
PLG-00538,DNR-00774,FND-003,2024-04-23,1945.2,948.05,Active
PLG-00539,DNR-00671,FND-007,2023-10-23,863.39,405.33,Active
PLG-00540,DNR-00077,FND-003,2024-10-02,1480.13,300.97,Active
PLG-00541,DNR-00763,FND-007,2026-02-13,1349.75,1238.14,Active
PLG-00542,DNR-00210,FND-003,2025-07-06,1103.82,619.56,Active
PLG-00543,DNR-01155,FND-001,2024-12-19,344.3,90.57,Active
PLG-00544,DNR-00340,FND-001,2025-05-20,791.49,223.07,Active
PLG-00545,DNR-00089,FND-002,2024-07-03,284.75,72.77,Active
PLG-00546,DNR-01080,FND-005,2025-01-15,676.84,253.14,Active
PLG-00547,DNR-01196,FND-007,2024-07-31,925.99,545.16,Active
PLG-00548,DNR-00971,FND-007,2025-04-22,3564.52,1899.99,Active
PLG-00549,DNR-00578,FND-005,2025-03-12,179.52,154.98,Active
PLG-00550,DNR-00532,FND-003,2024-11-26,1076.54,349.05,Active
PLG-00551,DNR-00392,FND-002,2024-11-12,2925.55,1841.2,Active
PLG-00552,DNR-00158,FND-005,2025-07-21,1420.62,1270.95,Active
PLG-00553,DNR-00226,FND-001,2024-05-08,1529.88,356.83,Active
PLG-00554,DNR-DUP002,FND-002,2024-12-21,1197.15,603.61,Active
PLG-00555,DNR-00510,FND-007,2023-07-14,2436.54,2023.28,Active
PLG-00556,DNR-00931,FND-002,2026-04-22,224.2,113.58,Active
PLG-00557,DNR-00209,FND-003,2025-04-06,166.35,108.84,Active
PLG-00558,DNR-00293,FND-005,2026-03-22,660.94,580.04,Active
PLG-00559,DNR-00433,FND-005,2023-11-07,76.62,40.41,Active
PLG-00560,DNR-00161,FND-005,2024-01-07,2277.07,2220.28,Active
PLG-00561,DNR-00213,FND-002,2024-01-29,2254.57,808.05,Active
PLG-00562,DNR-00701,FND-002,2024-10-17,431.23,193.9,Active
PLG-00563,DNR-00912,FND-001,2025-03-26,459.08,149.32,Active
PLG-00564,DNR-00740,FND-007,2023-07-03,618.72,278.09,Active
PLG-00565,DNR-00098,FND-007,2026-01-14,700.66,461.05,Active
PLG-00566,DNR-01031,FND-008,2026-06-13,755.34,211.55,Active
PLG-00567,DNR-00215,FND-005,2025-06-24,1162.39,430.25,Active
PLG-00568,DNR-00645,FND-008,2024-03-13,559.68,453.53,Active
PLG-00569,DNR-00672,FND-008,2025-01-01,1708.2,1634.91,Active
PLG-00570,DNR-00549,FND-001,2024-09-28,1038.93,864.85,Active
PLG-00571,DNR-00922,FND-005,2024-12-10,362.5,134.79,Active
PLG-00572,DNR-01076,FND-008,2023-07-08,2527.82,1755.8,Active
PLG-00573,DNR-00219,FND-004,2025-09-13,171.01,116.87,Active
PLG-00574,DNR-00592,FND-002,2024-07-15,606.58,484.19,Active
PLG-00575,DNR-00616,FND-002,2023-07-09,1749.21,1491.47,Active
PLG-00576,DNR-00344,FND-007,2026-01-09,322.77,279.77,Active
PLG-00577,DNR-01140,FND-001,2025-06-12,906.47,435.54,Active
PLG-00578,DNR-00495,FND-002,2023-09-13,1145.21,676.97,Active
PLG-00579,DNR-00832,FND-006,2025-02-24,281.32,74.54,Active
PLG-00580,DNR-00660,FND-004,2025-09-19,618.64,325.16,Active
PLG-00581,DNR-00044,FND-001,2025-01-26,568.78,130.8,Active
PLG-00582,DNR-00820,FND-008,2025-03-07,383.09,211.71,Active
PLG-00583,DNR-01196,FND-005,2026-05-07,6645.36,5990.47,Active
PLG-00584,DNR-00025,FND-004,2025-10-08,310.1,124.62,Active
PLG-00585,DNR-00110,FND-008,2026-02-14,1816.98,1538.07,Active
PLG-00586,DNR-00996,FND-004,2026-03-11,449.08,91.23,Active
PLG-00587,DNR-00405,FND-004,2023-09-14,224.39,101.1,Active
PLG-00588,DNR-00152,FND-008,2024-02-04,737.17,409.37,Active
PLG-00589,DNR-00107,FND-001,2025-01-20,1272.95,838.86,Active
PLG-00590,DNR-00191,FND-005,2025-02-06,1669.88,1157.01,Active
PLG-00591,DNR-00731,FND-006,2025-11-13,3172.47,1379.96,Active
PLG-00592,DNR-00478,FND-005,2025-10-11,12647.9,7059.95,Active
PLG-00593,DNR-00767,FND-003,2024-10-11,854.5,844.2,Active
PLG-00594,DNR-00055,FND-004,2024-10-22,342.72,224.15,Active
PLG-00595,DNR-00114,FND-005,2024-07-03,1046.15,510.68,Active
PLG-00596,DNR-00713,FND-004,2025-08-29,509.68,258.81,Active
PLG-00597,DNR-00979,FND-008,2024-10-25,1679.02,1299.74,Active
PLG-00598,DNR-01164,FND-005,2025-11-22,181.79,51.45,Active
PLG-00599,DNR-01038,FND-008,2024-05-07,7103.44,5367.19,Active
PLG-00600,DNR-01148,FND-006,2026-06-12,1565.64,1476.83,Active
PLG-00601,DNR-00499,FND-003,2026-03-08,123.47,61.85,Active
PLG-00602,DNR-00929,FND-002,2024-12-16,327.33,238.0,Active
PLG-00603,DNR-00495,FND-005,2024-08-15,1504.3,1144.83,Active
PLG-00604,DNR-00987,FND-007,2025-12-18,2156.72,1796.17,Active
PLG-00605,DNR-00749,FND-006,2024-01-24,186.38,177.02,Active
PLG-00606,DNR-00655,FND-008,2024-03-13,1356.99,789.98,Active
PLG-00607,DNR-00796,FND-003,2025-05-25,94.88,27.97,Active
PLG-00608,DNR-DUP003,FND-004,2025-07-29,608.3,133.58,Active
PLG-00609,DNR-00821,FND-004,2026-06-30,2022.41,1618.11,Active
PLG-00610,DNR-00209,FND-005,2025-05-02,383.17,289.36,Active
PLG-00611,DNR-00473,FND-004,2024-11-25,147.39,169.5,Paid in Full
PLG-00612,DNR-00203,FND-007,2025-09-22,769.86,561.33,Active
PLG-00613,DNR-00310,FND-006,2025-04-20,363.32,349.88,Active
PLG-00614,DNR-00113,FND-006,2023-08-18,1248.33,375.64,Active
PLG-00615,DNR-00110,FND-001,2023-10-07,274.42,191.25,Active
PLG-00616,DNR-00228,FND-001,2023-12-18,307.16,225.29,Active
PLG-00617,DNR-00851,FND-002,2026-01-27,88.15,75.31,Active
PLG-00618,DNR-00517,FND-002,2024-04-11,788.35,279.09,Active
PLG-00619,DNR-00003,FND-001,2026-05-14,566.28,542.52,Active
PLG-00620,DNR-01088,FND-005,2025-08-07,202.68,63.23,Active
PLG-00621,DNR-01149,FND-007,2026-03-06,807.38,699.0,Active
PLG-00622,DNR-00447,FND-002,2023-11-03,1857.66,561.54,Active
PLG-00623,DNR-00256,FND-008,2026-02-09,536.16,220.34,Active
PLG-00624,DNR-00846,FND-006,2025-04-10,869.72,834.02,Active
PLG-00625,DNR-00284,FND-003,2023-11-25,874.2,681.62,Active
PLG-00626,DNR-00279,FND-003,2023-08-12,199.47,163.1,Active
PLG-00627,DNR-01078,FND-007,2025-02-08,5200.89,2748.82,Active
PLG-00628,DNR-00458,FND-001,2024-05-14,415.36,123.47,Active
PLG-00629,DNR-00239,FND-007,2024-10-31,1281.92,450.81,Active
PLG-00630,DNR-DUP010,FND-002,2025-10-25,1435.42,773.47,Active
PLG-00631,DNR-00031,FND-004,2024-04-27,578.48,507.96,Active
PLG-00632,DNR-00139,FND-004,2024-07-02,1220.23,464.01,Active
PLG-00633,DNR-01093,FND-003,2025-10-01,850.5,835.2,Active
PLG-00634,DNR-00359,FND-007,2024-11-04,161.15,136.02,Active
PLG-00635,DNR-01163,FND-006,2024-06-03,477.1,271.41,Active
PLG-00636,DNR-00849,FND-005,2024-12-10,360.48,342.1,Active
PLG-00637,DNR-00509,FND-007,2025-12-07,419.16,184.86,Active
PLG-00638,DNR-00238,FND-002,2025-03-25,180.55,109.38,Active
PLG-00639,DNR-00095,FND-007,2024-12-09,2051.72,1695.79,Active
PLG-00640,DNR-00051,FND-006,2026-04-19,3301.04,724.4,Active
PLG-00641,DNR-00650,FND-006,2023-10-23,1768.71,1031.37,Active
PLG-00642,DNR-00342,FND-008,2026-06-21,2369.73,1935.45,Active
PLG-00643,DNR-00352,FND-006,2024-01-17,471.24,274.79,Active
PLG-00644,DNR-00546,FND-007,2024-10-25,352.04,264.2,Active
PLG-00645,DNR-00366,FND-007,2025-09-17,305.34,175.38,Active
PLG-00646,DNR-00390,FND-006,2026-05-07,1266.57,987.77,Active
PLG-00647,DNR-00014,FND-003,2025-04-15,834.69,365.23,Active
PLG-00648,DNR-01163,FND-008,2026-02-14,615.71,292.93,Active
PLG-00649,DNR-01170,FND-004,2025-07-05,2428.79,1981.04,Active
PLG-00650,DNR-00647,FND-006,2023-11-16,997.19,978.64,Active
PLG-00651,DNR-00300,FND-005,2026-01-10,287.53,187.31,Active
PLG-00652,DNR-00132,FND-008,2024-09-16,336.67,139.9,Active
PLG-00653,DNR-00934,FND-001,2024-09-20,1315.53,1302.52,Active
PLG-00654,DNR-00728,FND-007,2026-02-03,1885.09,1448.48,Active
PLG-00655,DNR-00329,FND-006,2025-02-17,1154.8,1028.09,Active
PLG-00656,DNR-00426,FND-001,2023-07-30,4433.25,3476.67,Active
PLG-00657,DNR-00511,FND-001,2026-05-06,3411.84,2164.58,Active
PLG-00658,DNR-00341,FND-005,2024-04-11,1033.84,785.24,Active
PLG-00659,DNR-00351,FND-002,2023-09-19,287.56,175.13,Active
PLG-00660,DNR-01069,FND-004,2023-12-18,179.47,163.39,Active
PLG-00661,DNR-00875,FND-006,2025-02-15,451.52,152.35,Active
PLG-00662,DNR-00006,FND-008,2024-03-30,1412.64,898.18,Active
PLG-00663,DNR-00047,FND-005,2024-04-08,4132.54,848.27,Active
PLG-00664,DNR-00143,FND-007,2024-05-24,1009.74,642.01,Active
PLG-00665,DNR-00429,FND-007,2025-04-29,2140.35,1267.18,Active
PLG-00666,DNR-00671,FND-006,2025-05-10,520.45,131.66,Active
PLG-00667,DNR-00038,FND-006,2023-12-13,1239.88,338.61,Active
PLG-00668,DNR-00622,FND-005,2024-03-20,1515.28,342.28,Active
PLG-00669,DNR-00426,FND-001,2023-07-27,91.87,27.84,Active
PLG-00670,DNR-00926,FND-003,2024-03-21,439.91,161.82,Active
PLG-00671,DNR-01084,FND-004,2023-07-06,1719.35,674.85,Active
PLG-00672,DNR-00557,FND-003,2025-01-13,875.21,668.93,Active
PLG-00673,DNR-00420,FND-002,2025-12-07,201.04,71.97,Active
PLG-00674,DNR-01148,FND-001,2024-02-15,58.55,47.66,Active
PLG-00675,DNR-00453,FND-002,2025-11-11,461.38,413.84,Active
PLG-00676,DNR-00790,FND-008,2025-03-17,619.19,540.05,Active
PLG-00677,DNR-00003,FND-005,2025-08-04,274.81,57.0,Active
PLG-00678,DNR-00039,FND-007,2024-01-20,767.46,324.45,Active
PLG-00679,DNR-00951,FND-001,2023-09-01,1103.66,605.6,Active
PLG-00680,DNR-00679,FND-001,2024-01-21,1300.74,973.76,Active
PLG-00681,DNR-01004,FND-007,2025-03-05,63.06,29.22,Active
PLG-00682,DNR-00349,FND-001,2024-03-22,178.7,56.14,Active
PLG-00683,DNR-00013,FND-006,2023-08-07,490.48,214.13,Active
PLG-00684,DNR-00836,FND-007,2024-01-19,1178.71,852.63,Active
PLG-00685,DNR-00251,FND-006,2024-05-28,1084.89,851.25,Active
PLG-00686,DNR-00501,FND-003,2024-03-29,1066.21,817.44,Active
PLG-00687,DNR-00099,FND-006,2026-04-26,453.31,330.25,Active
PLG-00688,DNR-00934,FND-008,2025-03-14,479.32,416.99,Active
PLG-00689,DNR-00118,FND-005,2026-04-13,321.07,124.58,Active
PLG-00690,DNR-00697,FND-004,2025-07-15,1433.96,1428.29,Active
PLG-00691,DNR-00238,FND-006,2024-05-21,264.94,62.89,Active
PLG-00692,DNR-00892,FND-003,2026-02-03,1556.25,1328.5,Active
PLG-00693,DNR-01103,FND-003,2025-10-01,818.81,455.47,Active
PLG-00694,DNR-00912,FND-005,2026-06-23,635.85,147.71,Active
PLG-00695,DNR-00041,FND-005,2025-07-04,344.91,231.11,Active
PLG-00696,DNR-01040,FND-001,2026-02-19,171.48,144.36,Active
PLG-00697,DNR-00139,FND-005,2024-03-25,348.05,102.39,Active
PLG-00698,DNR-00451,FND-006,2025-05-03,478.18,163.76,Active
PLG-00699,DNR-00747,FND-003,2023-10-01,62.24,60.23,Active
PLG-00700,DNR-01155,FND-007,2025-12-24,546.01,251.59,Active
PLG-00701,DNR-00181,FND-002,2024-07-20,1676.32,765.98,Active
PLG-00702,DNR-01123,FND-004,2023-08-07,1172.88,971.38,Active
PLG-00703,DNR-00958,FND-007,2024-04-18,404.96,310.57,Active
PLG-00704,DNR-00214,FND-002,2025-09-04,697.11,386.0,Active
PLG-00705,DNR-00731,FND-008,2023-09-18,381.39,76.45,Active
PLG-00706,DNR-00714,FND-003,2024-07-06,771.83,647.1,Active
PLG-00707,DNR-00777,FND-007,2023-11-02,3102.95,909.25,Active
PLG-00708,DNR-00558,FND-008,2025-12-03,1751.97,361.27,Active
PLG-00709,DNR-01040,FND-004,2023-07-15,1119.68,833.72,Active
PLG-00710,DNR-00576,FND-007,2024-02-02,406.31,304.52,Active
PLG-00711,DNR-01172,FND-008,2024-03-16,1408.02,1115.69,Active
PLG-00712,DNR-00673,FND-007,2023-10-08,123.12,70.58,Active
PLG-00713,DNR-00452,FND-004,2026-06-01,516.8,480.57,Active
PLG-00714,DNR-01064,FND-006,2024-04-24,1192.39,884.05,Active
PLG-00715,DNR-01149,FND-007,2026-05-15,1394.68,851.72,Active
PLG-00716,DNR-00529,FND-004,2026-02-12,1299.69,937.82,Active
PLG-00717,DNR-01165,FND-001,2023-07-09,893.22,461.56,Active
PLG-00718,DNR-00583,FND-005,2025-01-17,546.9,315.13,Active
PLG-00719,DNR-00518,FND-005,2025-01-18,1139.08,512.71,Active
PLG-00720,DNR-00926,FND-007,2024-06-13,256.5,73.94,Active
PLG-00721,DNR-00704,FND-005,2024-10-18,285.81,227.23,Active
PLG-00722,DNR-00727,FND-002,2025-09-08,707.5,310.01,Active
PLG-00723,DNR-00531,FND-004,2025-05-29,790.92,177.79,Active
PLG-00724,DNR-00429,FND-006,2023-10-19,107.17,71.14,Active
PLG-00725,DNR-01173,FND-007,2025-07-15,1048.53,597.29,Active
PLG-00726,DNR-01040,FND-004,2026-04-13,1440.48,871.53,Active
PLG-00727,DNR-01131,FND-002,2025-08-13,615.67,285.6,Active
PLG-00728,DNR-00447,FND-005,2023-09-18,7147.13,4156.49,Active
PLG-00729,DNR-00432,FND-001,2025-12-23,335.98,198.58,Active
PLG-00730,DNR-00955,FND-008,2025-09-02,463.55,334.56,Active
PLG-00731,DNR-00396,FND-006,2023-08-22,448.06,123.28,Active
PLG-00732,DNR-01041,FND-004,2025-09-02,616.35,708.8,Paid in Full
PLG-00733,DNR-00405,FND-006,2025-01-29,478.8,319.4,Active
PLG-00734,DNR-00838,FND-006,2024-03-23,162.91,34.36,Active
PLG-00735,DNR-00089,FND-003,2024-10-02,385.08,370.89,Active
PLG-00736,DNR-00284,FND-007,2025-04-06,603.28,162.64,Active
PLG-00737,DNR-00643,FND-006,2024-02-29,2272.36,809.99,Active
PLG-00738,DNR-00538,FND-001,2024-07-20,6016.39,2573.78,Active
PLG-00739,DNR-00549,FND-008,2026-03-24,2528.73,788.26,Active
PLG-00740,DNR-00676,FND-001,2024-11-09,306.32,79.6,Active
PLG-00741,DNR-00706,FND-008,2023-09-24,331.69,254.83,Active
PLG-00742,DNR-00084,FND-007,2024-02-18,567.18,527.82,Active
PLG-00743,DNR-00857,FND-005,2024-12-25,3962.22,2283.07,Active
PLG-00744,DNR-01155,FND-005,2026-02-17,563.73,535.33,Active
PLG-00745,DNR-00328,FND-002,2024-11-22,176.35,148.02,Active
PLG-00746,DNR-00303,FND-008,2023-07-30,402.95,379.47,Active
PLG-00747,DNR-00897,FND-007,2024-01-28,1418.08,1239.67,Active
PLG-00748,DNR-00307,FND-004,2023-08-24,1326.02,1226.44,Active
PLG-00749,DNR-00859,FND-006,2024-11-20,544.45,267.73,Active
PLG-00750,DNR-00760,FND-006,2025-04-24,1317.4,970.87,Active
PLG-00751,DNR-00682,FND-001,2024-03-15,68.5,58.16,Active
PLG-00752,DNR-00682,FND-007,2023-07-14,737.92,719.93,Active
PLG-00753,DNR-01104,FND-005,2024-09-16,1572.91,943.4,Active
PLG-00754,DNR-00840,FND-004,2023-11-04,289.21,111.54,Active
PLG-00755,DNR-00073,FND-001,2026-05-30,288.2,118.24,Active
PLG-00756,DNR-00501,FND-007,2025-08-11,102.88,35.22,Active
PLG-00757,DNR-00292,FND-007,2023-08-05,3261.35,2533.08,Active
PLG-00758,DNR-00307,FND-001,2025-12-26,323.71,112.33,Active
PLG-00759,DNR-00048,FND-007,2024-01-30,846.44,422.9,Active
PLG-00760,DNR-00885,FND-008,2023-08-18,1216.72,689.06,Active
PLG-00761,DNR-00698,FND-002,2024-06-18,3017.15,2818.47,Active
PLG-00762,DNR-00428,FND-005,2025-03-25,570.27,131.7,Active
PLG-00763,DNR-00975,FND-003,2024-02-20,387.83,267.32,Active
PLG-00764,DNR-01129,FND-004,2024-10-29,790.82,400.09,Active
PLG-00765,DNR-DUP004,FND-002,2024-05-18,2402.06,1931.08,Active
PLG-00766,DNR-00301,FND-002,2023-07-06,561.06,371.64,Active
PLG-00767,DNR-00984,FND-002,2024-05-22,255.99,225.29,Active
PLG-00768,DNR-00114,FND-003,2024-04-23,142.49,48.26,Active
PLG-00769,DNR-00911,FND-005,2024-07-07,196.12,119.38,Active
PLG-00770,DNR-00586,FND-006,2026-04-01,1578.75,889.19,Active
PLG-00771,DNR-00912,FND-003,2024-04-23,482.69,380.49,Active
PLG-00772,DNR-00326,FND-001,2023-12-10,362.3,90.47,Active
PLG-00773,DNR-01182,FND-001,2025-02-16,325.07,320.09,Active
PLG-00774,DNR-00749,FND-006,2024-04-07,724.18,294.7,Active
PLG-00775,DNR-00837,FND-001,2025-10-31,523.5,414.88,Active
PLG-00776,DNR-00874,FND-005,2025-12-18,506.17,432.66,Active
PLG-00777,DNR-00702,FND-003,2025-07-10,2564.0,832.03,Active
PLG-00778,DNR-00954,FND-005,2026-02-16,3096.46,1761.35,Active
PLG-00779,DNR-00535,FND-001,2025-12-21,132.95,79.22,Active
PLG-00780,DNR-00559,FND-007,2025-04-12,922.97,187.25,Active
PLG-00781,DNR-00109,FND-007,2023-12-24,305.86,178.27,Active
PLG-00782,DNR-01025,FND-008,2024-05-09,518.92,162.85,Active
PLG-00783,DNR-01070,FND-001,2024-04-05,906.22,576.9,Active
PLG-00784,DNR-00822,FND-002,2025-08-12,537.69,328.06,Active
PLG-00785,DNR-00003,FND-006,2024-08-05,837.53,339.81,Active
PLG-00786,DNR-01057,FND-007,2023-09-07,1303.71,1163.63,Active
PLG-00787,DNR-00815,FND-001,2024-08-16,892.99,417.7,Active
PLG-00788,DNR-00823,FND-007,2025-03-17,348.33,90.36,Active
PLG-00789,DNR-01183,FND-006,2023-11-09,354.53,354.38,Active
PLG-00790,DNR-00391,FND-002,2024-06-21,157.64,49.73,Active
PLG-00791,DNR-00274,FND-006,2024-10-30,283.18,229.03,Active
PLG-00792,DNR-00554,FND-002,2025-09-24,4731.84,4667.42,Active
PLG-00793,DNR-00176,FND-005,2023-08-10,301.27,251.09,Active
PLG-00794,DNR-00243,FND-008,2023-07-03,201.67,231.92,Paid in Full
PLG-00795,DNR-00820,FND-008,2024-01-27,915.92,690.34,Active
PLG-00796,DNR-00958,FND-002,2023-10-21,595.64,294.02,Active
PLG-00797,DNR-00584,FND-004,2024-10-03,546.98,315.63,Active
PLG-00798,DNR-00764,FND-008,2025-08-15,2721.79,1469.0,Active
PLG-00799,DNR-00602,FND-007,2023-12-18,1151.85,647.81,Active
PLG-00800,DNR-00138,FND-002,2023-09-10,391.51,288.05,Active
